player_id,birth_year,birth_month,birth_day,birth_country,birth_state,name_first,name_last,weight,height,bats,throws,debut,debut_year,debut_ages,final_game,retired_year,retro_id,bbref_id,career_year,career_def
pittach01,1961,9,16,USA,NJ,Chris,Pittaro,170,71,B,R,1985/4/8,1985,24,1987/10/4,,pittc001,pittach01,2.49,s
thornlo01,1963,4,26,USA,AL,Lou,Thornton,185,74,L,R,1985/4/8,1985,22,1990/4/24,,thorl001,thornlo01,5.05,s
burketi01,1959,2,19,USA,NE,Tim,Burke,205,75,R,R,1985/4/8,1985,26,1992/9/22,,burkt001,burketi01,7.46,m
clemepa01,1962,2,2,USA,CA,Pat,Clements,175,72,R,L,1985/4/9,1985,23,1992/9/27,,clemp001,clemepa01,7.47,m
duncama01,1963,3,13,D.R.,San Pedro de Macoris,Mariano,Duncan,160,72,R,R,1985/4/9,1985,22,1997/9/17,,duncm001,duncama01,12.45,l
guilloz01,1964,1,20,Venezuela,Miranda,Ozzie,Guillen,150,71,L,R,1985/4/9,1985,21,2000/10/1,,guilo001,guilloz01,15.49,l
dunstsh01,1963,3,21,USA,NY,Shawon,Dunston,175,73,R,R,1985/4/9,1985,22,2002/9/29,,dunss001,dunstsh01,17.48,l
weaveji03,1959,10,10,USA,NY,Jim,Weaver,190,75,L,L,1985/4/10,1985,26,1989/9/30,,weavj001,weaveji03,4.48,s
leema02,1965,6,17,D.R.,San Pedro de Macoris,Manuel,Lee,145,70,B,R,1985/4/10,1985,20,1995/4/26,,lee-m001,leema02,10.05,l
blockte01,1959,8,18,USA,SC,Terry,Blocker,195,74,L,L,1985/4/11,1985,26,1989/6/11,,bloct001,blockte01,4.17,s
kaiseje01,1960,7,24,USA,MI,Jeff,Kaiser,195,75,R,L,1985/4/11,1985,25,1993/5/17,,kaisj001,kaiseje01,8.1,m
mcdowro01,1960,12,21,USA,OH,Roger,McDowell,175,73,R,R,1985/4/11,1985,25,1996/8/14,,mcdor001,mcdowro01,11.35,l
gallemi01,1960,10,31,USA,CA,Mike,Gallego,160,68,R,R,1985/4/11,1985,25,1997/7/23,,gallm001,gallemi01,12.29,l
kippebo01,1964,7,8,USA,IL,Bob,Kipper,200,74,R,L,1985/4/12,1985,21,1992/7/27,,kippb001,kippebo01,7.3,m
mathiro01,1958,9,25,USA,MO,Ron,Mathis,175,72,R,R,1985/4/13,1985,27,1987/7/4,,mathr001,mathiro01,2.22,s
yettri01,1962,10,6,USA,CA,Rich,Yett,187,74,R,R,1985/4/13,1985,23,1990/4/25,,yettr001,yettri01,5.04,s
trujimi01,1960,1,12,USA,CO,Mike,Trujillo,180,73,R,R,1985/4/14,1985,25,1989/6/17,,trujm001,trujimi01,4.18,s
lathabi01,1960,8,29,USA,AL,Bill,Latham,190,74,L,L,1985/4/15,1985,25,1986/10/1,,lathb001,lathabi01,1.46,s
lyonsst01,1960,6,3,USA,WA,Steve,Lyons,190,75,L,R,1985/4/15,1985,25,1993/10/3,,lyons001,lyonsst01,8.47,m
colemvi01,1961,9,22,USA,FL,Vince,Coleman,170,72,B,R,1985/4/18,1985,24,1997/4/14,,colev001,colemvi01,12,l
higuete01,1957,11,9,Mexico,Sinaloa,Teddy,Higuera,178,70,B,L,1985/4/23,1985,28,1994/8/9,,higut001,higuete01,9.3,m
gainety01,1960,12,25,USA,SC,Ty,Gainey,190,73,L,R,1985/4/24,1985,25,1987/10/3,,gaint001,gainety01,2.44,s
thompri01,1958,11,1,USA,NY,Rich,Thompson,225,75,R,R,1985/4/28,1985,27,1990/4/22,,thomr002,thompri01,4.99,s
lugour01,1962,8,12,Venezuela,Falcon,Urbano,Lugo,185,72,R,R,1985/4/28,1985,23,1990/5/11,,lugor001,lugour01,5.04,s
mccaski01,1961,4,9,CAN,ON,Kirk,McCaskill,190,73,R,R,1985/5/1,1985,24,1996/7/20,,mccak001,mccaski01,11.23,l
birtsti01,1960,9,5,USA,MI,Tim,Birtsas,240,79,L,L,1985/5/3,1985,25,1990/10/3,,birtt001,birtsti01,5.42,s
dykstle01,1963,2,10,USA,CA,Lenny,Dykstra,160,70,L,L,1985/5/3,1985,22,1996/5/18,,dyksl001,dykstle01,11.05,l
fishebr01,1962,3,18,USA,HI,Brian,Fisher,210,76,R,R,1985/5/7,1985,23,1992/10/4,,fishb001,fishebr01,7.42,m
rileser01,1960,10,2,USA,GA,Ernie,Riles,180,73,L,R,1985/5/14,1985,25,1993/10/3,,rilee001,rileser01,8.39,m
childro01,1962,2,18,USA,CA,Rocky,Childress,195,74,R,R,1985/5/17,1985,23,1988/10/1,,chilr001,childro01,3.38,s
mcdowod01,1962,8,25,USA,FL,Oddibe,McDowell,165,69,L,L,1985/5/19,1985,23,1994/8/10,,mcdoo001,mcdowod01,9.23,m
howelja02,1961,8,18,USA,AZ,Jack,Howell,180,72,L,R,1985/5/20,1985,24,1999/7/17,,howej002,howelja02,14.17,l
snydebr01,1958,2,20,USA,NJ,Brian,Snyder,185,75,L,L,1985/5/25,1985,27,1989/6/27,,snydb001,snydebr01,4.09,s
melvibo01,1961,10,28,USA,CA,Bob,Melvin,205,76,R,R,1985/5/25,1985,24,1994/8/6,,melvb001,melvibo01,9.21,m
pasquda01,1961,10,17,USA,NY,Dan,Pasqua,203,72,L,L,1985/5/30,1985,24,1994/5/1,,pasqd001,pasquda01,8.93,m
shielst01,1958,11,30,USA,AL,Steve,Shields,220,77,R,R,1985/6/1,1985,27,1989/6/19,,shies001,shielst01,4.05,s
obriech01,1960,5,1,USA,OK,Charlie,O'Brien,195,74,R,R,1985/6/2,1985,25,2000/6/21,,obric001,o'brich01,15.06,l
huntra01,1960,1,3,USA,AL,Randy,Hunt,185,72,R,R,1985/6/4,1985,25,1986/10/5,,huntr001,huntra01,1.34,s
davistr01,1960,9,12,USA,MD,Trench,Davis,171,75,L,L,1985/6/4,1985,25,1987/7/3,,davit001,davistr01,2.08,s
swiftbi02,1961,10,27,USA,ME,Bill,Swift,170,72,R,R,1985/6/7,1985,24,1998/9/11,,swifb001,swiftbi02,13.27,l
jonesch04,1957,7,13,USA,CA,Chris,Jones,183,72,L,L,1985/6/8,1985,28,1986/6/13,,jonec001,jonesch04,1.01,s
aguilri01,1961,12,31,USA,CA,Rick,Aguilera,195,76,R,R,1985/6/12,1985,24,2000/9/6,,aguir001,aguilri01,15.25,l
wilkibi01,1964,8,10,USA,WY,Bill,Wilkinson,160,70,R,L,1985/6/13,1985,21,1988/10/2,,wilkb001,wilkibi01,3.31,s
newmaal01,1960,6,30,USA,MO,Al,Newman,175,69,B,R,1985/6/14,1985,25,1992/10/3,,newma001,newmaal01,7.31,m
ontivst02,1961,3,5,USA,NM,Steve,Ontiveros,180,72,R,R,1985/6/14,1985,24,2000/10/1,,ontis001,ontivst02,15.31,l
wojnaed01,1960,8,20,USA,CT,Ed,Wojna,185,73,R,R,1985/6/16,1985,25,1989/9/30,,wojne001,wojnaed01,4.29,s
jacksda03,1963,8,22,USA,CA,Darrin,Jackson,185,72,R,R,1985/6/17,1985,22,1999/10/3,,jackd002,jacksda03,14.3,l
fordcu01,1960,10,11,USA,MS,Curt,Ford,150,70,L,R,1985/6/22,1985,25,1990/5/27,,fordc001,fordcu01,4.93,s
khalisa01,1963,12,5,USA,CA,Sam,Khalifa,170,71,R,R,1985/6/25,1985,22,1987/7/31,,khals001,khalisa01,2.1,s
sebrabo01,1961,12,11,USA,NJ,Bob,Sebra,200,74,R,R,1985/6/26,1985,24,1990/6/30,,sebrb001,sebrabo01,5.01,s
cangejo01,1963,3,10,USA,NY,John,Cangelosi,150,68,B,L,1985/6/30,1985,22,1999/9/22,,cangj001,cangejo01,14.24,l
youmafl01,1964,5,11,USA,FL,Floyd,Youmans,180,74,R,R,1985/7/1,1985,21,1989/6/24,,youmf001,youmafl01,3.98,s
pardoal01,1962,9,8,Spain,,Al,Pardo,187,74,B,R,1985/7/3,1985,23,1989/9/9,,parda001,pardoal01,4.19,s
mccarto03,1961,6,18,Germany,,Tom,McCarthy,180,72,R,R,1985/7/5,1985,24,1989/9/22,,mccam001,mccarto03,4.22,s
madissc01,1959,9,12,USA,FL,Scotti,Madison,185,71,B,R,1985/7/6,1985,26,1989/10/1,,madis001,madissc01,4.24,s
powelde01,1963,8,13,USA,GA,Dennis,Powell,175,75,R,L,1985/7/7,1985,22,1993/8/11,,powed001,powelde01,8.1,m
knudsma01,1960,10,28,USA,CO,Mark,Knudson,215,77,R,R,1985/7/8,1985,25,1993/5/14,,knudm001,knudsma01,7.85,m
lombast01,1960,4,26,USA,MA,Steve,Lombardozzi,175,72,R,R,1985/7/12,1985,25,1990/4/11,,lombs001,lombast01,4.75,s
buchabo01,1961,5,3,USA,PA,Bob,Buchanan,185,73,L,L,1985/7/13,1985,24,1989/7/16,,buchb001,buchabo01,4.01,s
buechst01,1961,9,26,USA,CA,Steve,Buechele,190,74,R,R,1985/7/19,1985,24,1995/7/29,,buecs001,buechst01,10.03,l
boevejo01,1960,10,4,USA,MO,Joe,Boever,200,73,R,R,1985/7/19,1985,25,1996/9/29,,boevj001,boevejo01,11.21,l
fieldce01,1963,9,21,USA,CA,Cecil,Fielder,230,75,R,R,1985/7/20,1985,22,1998/9/13,,fielc001,fieldce01,13.16,l
longbi01,1960,2,29,USA,OH,Bill,Long,185,72,R,R,1985/7/21,1985,25,1991/4/14,,longb002,longbi01,5.73,s
johnsjo05,1961,10,30,USA,MA,Joe,Johnson,195,74,R,R,1985/7/25,1985,24,1987/6/21,,johnj003,johnsjo05,1.91,s
kerfech01,1963,9,28,USA,MO,Charlie,Kerfeld,225,78,R,R,1985/7/27,1985,22,1990/7/19,,kerfc001,kerfech01,4.98,s
waltege01,1960,11,22,USA,IL,Gene,Walter,200,76,L,L,1985/8/9,1985,25,1988/9/30,,waltg001,waltege01,3.15,s
davisjo03,1965,1,30,USA,FL,Joel,Davis,205,77,L,R,1985/8/11,1985,20,1988/7/5,,davij002,davisjo03,2.9,s
mcculla01,1964,3,8,USA,FL,Lance,McCullers,185,73,B,R,1985/8/12,1985,21,1992/6/4,,mccul001,mcculla01,6.82,m
portuma01,1962,10,30,USA,CA,Mark,Portugal,170,72,R,R,1985/8/14,1985,23,1999/9/22,,portm001,portuma01,14.12,l
carych01,1960,3,3,USA,CA,Chuck,Cary,210,76,L,L,1985/8/22,1985,25,1993/10/2,,caryc001,carych01,8.12,m
galaran01,1961,6,18,Venezuela,Distrito Federal,Andres,Galarraga,235,75,R,R,1985/8/23,1985,24,2004/10/3,,galaa001,galaran01,19.13,l
hearrje01,1961,11,19,USA,CA,Jeff,Hearron,195,73,R,R,1985/8/25,1985,24,1986/9/28,,hearj001,hearrje01,1.09,s
davisst03,1960,8,4,USA,TX,Steve,Davis,195,73,L,L,1985/8/25,1985,25,1989/9/19,,davis002,davisst03,4.07,s
bulloer01,1960,2,16,USA,CA,Eric,Bullock,185,71,L,L,1985/8/26,1985,25,1992/4/30,,bulle001,bulloer01,6.68,m
worreto01,1959,9,28,USA,CA,Todd,Worrell,215,77,R,R,1985/8/28,1985,26,1997/9/25,,worrt001,worreto01,12.08,l
cerutjo01,1960,4,28,USA,NY,John,Cerutti,195,74,L,L,1985/9/1,1985,25,1991/10/5,,ceruj001,cerutjo01,6.1,m
willire01,1960,8,29,USA,TN,Reggie,Williams,185,71,R,R,1985/9/2,1985,25,1988/10/2,,willr001,willire01,3.08,s
gonzajo02,1964,11,23,D.R.,Puerto Plata,Jose,Gonzalez,190,74,R,R,1985/9/2,1985,21,1992/7/30,,gonzj001,gonzajo02,6.91,m
pattebo01,1959,5,16,USA,FL,Bob,Patterson,185,74,R,L,1985/9/2,1985,26,1998/7/11,,pattb001,pattebo01,12.86,l
whitede03,1962,12,29,Jamaica,,Devon,White,170,73,B,R,1985/9/2,1985,23,2001/10/5,,whitd001,whitede03,16.1,l
cansejo01,1964,7,2,Cuba,La Habana,Jose,Canseco,240,76,R,R,1985/9/2,1985,21,2001/10/6,,cansj001,cansejo01,16.1,l
thomaan01,1963,11,10,D.R.,Santo Domingo,Andres,Thomas,170,73,R,R,1985/9/3,1985,22,1990/9/16,,thoma001,thomaan01,5.04,s
nokesma01,1963,10,31,USA,CA,Matt,Nokes,185,73,L,R,1985/9/3,1985,22,1995/9/27,,nokem001,nokesma01,10.07,l
oneilpa01,1963,2,25,USA,OH,Paul,O'Neill,200,76,L,L,1985/9/3,1985,22,2001/10/7,,oneip001,o'neipa01,16.1,l
dopsojo01,1963,7,14,USA,MD,John,Dopson,205,76,L,R,1985/9/4,1985,22,1994/6/22,,dopsj001,dopsojo01,8.8,m
woodwro01,1962,9,28,USA,NH,Rob,Woodward,185,75,R,R,1985/9/5,1985,23,1988/9/26,,woodb001,woodwbo01,3.06,s
rominke01,1961,5,23,USA,NH,Kevin,Romine,185,71,R,R,1985/9/5,1985,24,1991/8/4,,romik001,rominke01,5.92,s
greenmi01,1963,7,18,USA,KY,Mike,Greenwell,170,72,L,R,1985/9/5,1985,22,1996/9/28,,greem001,greenmi01,11.07,l
perlmjo01,1956,12,13,USA,TX,Jon,Perlman,185,75,L,R,1985/9/6,1985,29,1988/7/8,,perlj001,perlmjo01,2.84,s
polidgu01,1961,10,26,Venezuela,Distrito Federal,Gus,Polidor,170,72,R,R,1985/9/7,1985,24,1993/7/22,,polig001,polidgu01,7.88,m
bryanra01,1961,5,20,USA,GA,Ralph,Bryant,200,74,L,R,1985/9/8,1985,24,1987/10/4,,bryar001,bryanra01,2.07,s
holtobr01,1959,11,29,USA,PA,Brian,Holton,190,74,R,R,1985/9/9,1985,26,1990/7/30,,holtb001,holtobr01,4.89,s
keedypa01,1958,1,10,USA,AL,Pat,Keedy,205,76,R,R,1985/9/10,1985,27,1989/5/3,,keedp001,keedypa01,3.65,s
guzmajo01,1963,4,9,P.R.,,Jose,Guzman,160,74,R,R,1985/9/10,1985,22,1994/5/23,,guzmj001,guzmajo01,8.7,m
woodami01,1960,3,2,USA,IL,Mike,Woodard,155,69,L,R,1985/9/11,1985,25,1988/7/10,,woodm001,woodami01,2.83,s
robidbi01,1964,1,13,USA,MA,Billy Jo,Robidoux,200,73,L,R,1985/9/11,1985,21,1990/9/17,,robib001,robidbi01,5.02,s
feldemi01,1961,11,18,USA,CA,Mike,Felder,160,68,B,R,1985/9/11,1985,24,1994/8/11,,feldm001,feldemi01,8.92,m
perrypa02,1959,2,4,USA,IL,Pat,Perry,190,73,L,L,1985/9/12,1985,26,1990/9/30,,perrp001,perrypa02,5.05,s
wilsoji03,1960,12,29,USA,OR,Jim,Wilson,230,75,R,R,1985/9/13,1985,25,1989/9/29,,wilsj001,wilsoji03,4.05,s
murphro01,1960,5,26,USA,FL,Rob,Murphy,200,74,L,L,1985/9/13,1985,25,1995/7/22,,murpr001,murphro01,9.86,m
wegmabi01,1962,12,19,USA,OH,Bill,Wegman,200,77,R,R,1985/9/14,1985,23,1995/10/1,,wegmb001,wegmabi01,10.05,l
selleje01,1964,5,11,USA,CA,Jeff,Sellers,175,73,R,R,1985/9/15,1985,21,1988/10/1,,sellj001,selleje01,3.05,s
correed01,1966,4,29,P.R.,,Ed,Correa,192,74,R,R,1985/9/18,1985,19,1987/7/5,,corre001,correed01,1.79,s
beller01,1963,10,27,USA,CA,Eric,Bell,178,72,L,L,1985/9/24,1985,22,1993/5/8,,belle001,beller01,7.62,m
habyajo01,1964,1,29,USA,NY,John,Habyan,195,73,R,R,1985/9/29,1985,21,1996/6/8,,habyj001,habyajo01,10.7,l
myersra01,1962,9,19,USA,WA,Randy,Myers,190,73,L,L,1985/10/6,1985,23,1998/9/25,,myerr001,myersra01,12.98,l
jonestr01,1961,3,31,USA,CA,Tracy,Jones,180,75,R,R,1986/4/7,1986,25,1991/10/6,,jonet001,jonestr01,5.5,s
krukjo01,1961,2,9,USA,WV,John,Kruk,170,70,L,L,1986/4/7,1986,25,1995/7/30,,krukj001,krukjo01,9.32,m
allanan01,1961,12,22,USA,VA,Andy,Allanson,220,77,R,R,1986/4/7,1986,25,1995/10/2,,allaa001,allanan01,9.49,m
roberbi01,1963,10,27,USA,CA,Bip,Roberts,150,67,B,R,1986/4/7,1986,23,1998/9/27,,robeb002,roberbi01,12.48,l
thompro01,1962,5,10,USA,FL,Robby,Thompson,165,71,R,R,1986/4/8,1986,24,1996/9/22,,thomr003,thompro01,10.47,l
incavpe01,1964,4,2,USA,CA,Pete,Incaviglia,225,73,R,R,1986/4/8,1986,22,1998/9/27,,incap001,incavpe01,12.48,l
clarkwi02,1964,3,13,USA,LA,Will,Clark,190,74,L,L,1986/4/8,1986,22,2000/10/1,,clarw001,clarkwi02,14.49,l
joynewa01,1962,6,16,USA,GA,Wally,Joyner,185,74,L,L,1986/4/8,1986,24,2001/6/14,,joynw001,joynewa01,15.19,l
terrysc01,1959,11,21,USA,NM,Scott,Terry,195,71,R,R,1986/4/9,1986,27,1991/9/13,,terrs001,terrysc01,5.43,s
danieka01,1963,8,20,USA,GA,Kal,Daniels,195,71,L,R,1986/4/9,1986,23,1992/9/22,,danik001,danieka01,6.46,m
willimi02,1964,11,17,USA,CA,Mitch,Williams,180,75,L,L,1986/4/9,1986,22,1997/5/10,,willm002,willimi02,11.09,l
bailesc01,1961,12,18,USA,OH,Scott,Bailes,170,74,L,L,1986/4/9,1986,25,1998/9/27,,bails001,bailesc01,12.48,l
bonilbo01,1963,2,23,USA,NY,Bobby,Bonilla,210,75,B,R,1986/4/9,1986,23,2001/10/7,,bonib001,bonilbo01,15.51,l
gordodo01,1959,10,10,USA,NY,Don,Gordon,175,73,R,R,1986/4/10,1986,27,1988/9/29,,gordd001,gordodo01,2.47,s
nieveju01,1965,1,5,P.R.,,Juan,Nieves,175,75,L,L,1986/4/10,1986,21,1988/10/2,,nievj001,nieveju01,2.48,s
wittbo01,1964,5,11,USA,VA,Bobby,Witt,190,74,R,R,1986/4/10,1986,22,2001/10/7,,wittb001,wittbo01,15.5,l
parreje01,1961,8,26,USA,IN,Jeff,Parrett,185,76,R,R,1986/4/11,1986,25,1996/9/28,,parrj001,parreje01,10.47,l
tewksbo01,1960,11,30,USA,NH,Bob,Tewksbury,200,76,R,R,1986/4/11,1986,26,1998/9/26,,tewkb001,tewksbo01,12.47,l
plesada01,1962,2,4,USA,IN,Dan,Plesac,205,77,L,L,1986/4/11,1986,24,2003/9/28,,plesd001,plesada01,17.48,l
castiju01,1962,1,25,D.R.,San Pedro de Macoris,Juan,Castillo,162,71,B,R,1986/4/12,1986,24,1989/4/17,,castj002,castiju01,3.02,s
bathebi01,1960,10,14,USA,CA,Bill,Bathe,200,74,R,R,1986/4/12,1986,26,1990/10/3,,bathb001,bathebi01,4.48,s
warddu01,1964,5,28,USA,NM,Duane,Ward,185,76,R,R,1986/4/12,1986,22,1995/6/22,,wardd001,warddu01,9.2,m
assenpa01,1960,12,10,USA,MI,Paul,Assenmacher,195,75,L,L,1986/4/12,1986,26,1999/10/3,,assep001,assenpa01,13.48,l
stillku01,1965,6,4,USA,CA,Kurt,Stillwell,165,71,B,R,1986/4/13,1986,21,1996/9/29,,stilk001,stillku01,10.47,l
legggr01,1960,4,21,USA,CA,Greg,Legg,185,73,R,R,1986/4/18,1986,26,1987/6/15,,leggg001,legggr01,1.16,s
willied01,1964,11,1,USA,LA,Eddie,Williams,175,72,R,R,1986/4/18,1986,22,1998/5/27,,wille001,willied01,12.12,l
lyonsba01,1960,6,3,USA,MS,Barry,Lyons,205,73,R,R,1986/4/19,1986,26,1995/10/1,,lyonb002,lyonsba01,9.46,m
jamesch02,1962,10,4,USA,TX,Chris,James,195,73,R,R,1986/4/23,1986,24,1995/10/1,,jamec001,jamesch02,9.45,m
lombaph01,1963,2,20,USA,TX,Phil,Lombardi,200,74,R,R,1986/4/26,1986,23,1989/10/1,,lombp001,lombaph01,3.44,s
mckeojo01,1963,2,25,USA,KY,Joel,McKeon,185,72,L,L,1986/5/6,1986,23,1987/7/10,,mckej001,mckeojo01,1.18,s
plunker01,1963,9,3,USA,CA,Eric,Plunk,210,77,R,R,1986/5/12,1986,23,1999/10/2,,plune001,plunker01,13.4,l
sveumda01,1963,11,23,USA,CA,Dale,Sveum,185,74,B,R,1986/5/12,1986,23,1999/10/3,,sveud001,sveumda01,13.4,l
kinger01,1964,4,10,USA,CA,Eric,King,180,74,R,R,1986/5/15,1986,22,1992/10/4,,kinge001,kinger01,6.39,m
rittere01,1960,1,23,USA,AR,Reggie,Ritter,195,74,L,R,1986/5/17,1986,26,1987/10/2,,rittr001,rittere01,1.38,s
hearned02,1960,8,23,USA,FL,Ed,Hearn,215,75,R,R,1986/5/17,1986,26,1988/10/2,,heare001,hearned02,2.38,s
quinore01,1963,11,11,P.R.,,Rey,Quinones,160,71,R,R,1986/5/17,1986,23,1989/7/21,,quinr001,quinore01,3.18,s
mcgrifr01,1963,10,31,USA,FL,Fred,McGriff,200,75,L,L,1986/5/17,1986,23,2004/7/15,,mcgrf001,mcgrifr01,18.18,l
bankhsc01,1963,7,31,USA,NC,Scott,Bankhead,175,70,R,R,1986/5/25,1986,23,1995/7/18,,banks001,bankhsc01,9.15,m
wasinma01,1961,8,4,USA,CA,Mark,Wasinger,165,72,R,R,1986/5/27,1986,25,1988/4/21,,wasim001,wasinma01,1.9,s
aldremi01,1961,1,29,USA,CA,Mike,Aldrete,180,71,L,L,1986/5/28,1986,25,1996/9/29,,aldrm001,aldremi01,10.35,l
finlech01,1962,11,26,USA,LA,Chuck,Finley,220,78,L,L,1986/5/29,1986,24,2002/9/28,,finlc001,finlech01,16.35,l
drabedo01,1962,7,25,USA,TX,Doug,Drabek,185,73,R,R,1986/5/30,1986,24,1998/9/25,,drabd001,drabedo01,12.33,l
bondsba01,1964,7,24,USA,CA,Barry,Bonds,185,73,L,L,1986/5/30,1986,22,2007/9/26,,bondb001,bondsba01,21.34,l
mohorda01,1956,1,25,USA,OH,Dale,Mohorcic,220,75,R,R,1986/5/31,1986,30,1990/10/1,,mohod001,mohorda01,4.34,s
sierrru01,1965,10,6,P.R.,,Ruben,Sierra,175,73,B,R,1986/6/1,1986,21,2006/7/9,,sierr001,sierrru01,20.12,l
olwined01,1958,5,28,USA,OH,Ed,Olwine,165,74,R,L,1986/6/2,1986,28,1988/10/2,,olwie001,olwined01,2.34,s
mathegr01,1962,5,17,USA,CA,Greg,Mathews,180,74,R,L,1986/6/3,1986,24,1992/10/3,,mathg001,mathegr01,6.34,m
maddumi01,1961,8,27,USA,OH,Mike,Maddux,180,74,L,R,1986/6/3,1986,25,2000/7/4,,maddm002,maddumi01,14.1,l
hernama01,1961,5,7,D.R.,La Romana,Manny,Hernandez,150,72,R,R,1986/6/5,1986,25,1989/9/16,,hernm001,hernama01,3.28,s
candaca01,1961,1,12,USA,CA,Casey,Candaele,160,69,B,R,1986/6/5,1986,25,1997/7/13,,candc001,candaca01,11.11,l
coneda01,1963,1,2,USA,MO,David,Cone,180,73,L,R,1986/6/8,1986,23,2003/5/28,,coned001,coneda01,16.98,l
mulhote01,1963,3,9,USA,PA,Terry,Mulholland,200,75,R,L,1986/6/8,1986,23,2006/6/3,,mulht001,mulhote01,20,l
anderri02,1956,11,29,USA,WA,Rick,Anderson,175,72,R,R,1986/6/9,1986,30,1988/7/28,,ander001,anderri02,2.14,s
anderal02,1964,1,7,USA,OH,Allan,Anderson,178,71,L,L,1986/6/11,1986,22,1991/10/6,,andea001,anderal02,5.32,s
snydeco02,1962,11,11,USA,CA,Cory,Snyder,175,76,R,R,1986/6/13,1986,24,1994/8/10,,snydc001,snydeco02,8.16,m
martida01,1964,9,26,USA,NY,Dave,Martinez,150,70,L,L,1986/6/15,1986,22,2001/10/7,,martd002,martida01,15.32,l
moyerja01,1962,11,18,USA,PA,Jamie,Moyer,170,72,L,L,1986/6/16,1986,24,2012/5/27,,moyej001,moyerja01,25.96,l
kutchra01,1960,4,30,USA,AK,Randy,Kutcher,170,71,R,R,1986/6/19,1986,26,1990/9/27,,kutcr001,kutchra01,4.28,s
davidma01,1961,2,15,USA,TN,Mark,Davidson,180,74,R,R,1986/6/20,1986,25,1991/9/20,,davim003,davidma01,5.25,s
shiplcr01,1963,1,7,Australia,New South Wales,Craig,Shipley,175,73,R,R,1986/6/22,1986,23,1998/9/25,,shipc001,shiplcr01,12.27,l
stanlmi02,1963,6,25,USA,FL,Mike,Stanley,185,73,R,R,1986/6/24,1986,23,2000/9/29,,stanm002,stanlmi02,14.28,l
hamilje01,1964,3,19,USA,MI,Jeff,Hamilton,190,75,R,R,1986/6/28,1986,22,1991/9/28,,hamij001,hamilje01,5.25,s
ruffibr01,1963,10,4,USA,TX,Bruce,Ruffin,205,74,B,L,1986/6/28,1986,23,1997/6/26,,ruffb001,ruffibr01,11,l
cookmi01,1963,8,14,USA,SC,Mike,Cook,200,75,R,R,1986/7/1,1986,23,1993/10/3,,cookm001,cookmi01,7.26,m
sauveri01,1963,11,23,USA,VA,Rich,Sauveur,163,76,L,L,1986/7/1,1986,23,2000/6/18,,sauvr001,sauveri01,13.98,l
meadolo01,1961,4,29,USA,NC,Louie,Meadows,190,71,L,L,1986/7/3,1986,25,1990/10/3,,meadl001,meadolo01,4.25,s
nielssc01,1958,12,18,USA,UT,Scott,Nielsen,190,73,R,R,1986/7/7,1986,28,1989/6/14,,niels001,nielssc01,2.94,s
kingemi01,1961,3,29,USA,MN,Mike,Kingery,180,72,L,L,1986/7/7,1986,25,1996/9/15,,kingm001,kingemi01,10.2,l
cluttbr01,1959,12,17,USA,MI,Bryan,Clutterbuck,223,76,R,R,1986/7/18,1986,27,1989/6/23,,clutb001,cluttbr01,2.93,s
bragggl01,1962,10,17,USA,CA,Glenn,Braggs,210,75,R,R,1986/7/18,1986,24,1992/9/10,,bragg001,bragggl01,6.15,m
jonesba01,1963,2,15,USA,IN,Barry,Jones,225,76,R,R,1986/7/18,1986,23,1993/5/22,,joneb002,jonesba01,6.85,m
loyndmi01,1964,3,26,USA,MO,Mike,Loynd,210,76,R,R,1986/7/24,1986,22,1987/10/1,,loynm001,loyndmi01,1.19,s
downske01,1960,10,25,USA,UT,Kelly,Downs,195,76,R,R,1986/7/29,1986,26,1993/9/29,,downk001,downske01,7.18,m
akerfda01,1962,6,12,USA,CO,Darrel,Akerfelds,210,74,R,R,1986/8/1,1986,24,1991/7/2,,akerd001,akerfda01,4.92,s
bosioch01,1963,4,3,USA,CA,Chris,Bosio,220,75,R,R,1986/8/3,1986,23,1996/9/22,,bosic001,bosioch01,10.15,l
mormaru01,1962,4,28,USA,MO,Russ,Morman,215,76,R,R,1986/8/3,1986,24,1997/9/27,,mormr001,mormaru01,11.16,l
riverlu01,1964,1,3,P.R.,,Luis,Rivera,165,69,R,R,1986/8/3,1986,22,1998/8/27,,rivel001,riverlu01,12.07,l
morrijo07,1961,2,23,USA,NY,John,Morris,185,73,L,L,1986/8/5,1986,25,1992/8/5,,morrj003,morrijo07,6.01,m
thigpbo01,1963,7,17,USA,FL,Bobby,Thigpen,195,75,R,R,1986/8/6,1986,23,1994/4/27,,thigb001,thigpbo01,7.73,m
aquinlu01,1964,5,19,P.R.,,Luis,Aquino,155,72,R,R,1986/8/8,1986,22,1995/9/12,,aquil001,aquinlu01,9.1,m
arnolto01,1959,5,3,USA,TX,Tony,Arnold,170,71,R,R,1986/8/9,1986,27,1987/10/3,,arnot001,arnolto01,1.15,s
brantmi01,1961,6,17,USA,NY,Mickey,Brantley,180,70,R,R,1986/8/9,1986,25,1989/6/1,,branm001,brantmi01,2.81,s
jacksmi02,1964,12,22,USA,TX,Michael,Jackson,185,73,R,R,1986/8/11,1986,22,2004/8/29,,jackm001,jacksmi02,18.06,l
larkiba01,1964,4,28,USA,OH,Barry,Larkin,185,72,R,R,1986/8/13,1986,22,2004/10/3,,larkb001,larkiba01,18.15,l
birkbmi01,1961,3,10,USA,OH,Mike,Birkbeck,190,73,R,R,1986/8/17,1986,25,1995/6/11,,birkm001,birkbmi01,8.82,m
karkoro01,1963,8,8,USA,NJ,Ron,Karkovice,210,73,R,R,1986/8/17,1986,23,1997/9/26,,karkr001,karkoro01,11.12,l
swindgr01,1965,1,2,USA,TX,Greg,Swindell,225,74,R,L,1986/8/21,1986,21,2002/9/23,,swing001,swindgr01,16.1,l
mcgwima01,1963,10,1,USA,CA,Mark,McGwire,215,77,R,R,1986/8/22,1986,23,2001/10/7,,mcgwm001,mcgwima01,15.14,l
landrbi01,1957,8,17,USA,SC,Bill,Landrum,185,74,R,R,1986/8/31,1986,29,1993/6/3,,landb001,landrbi01,6.76,m
penahi01,1964,1,30,D.R.,Sanchez Ramirez,Hipolito,Pena,165,75,L,L,1986/9/1,1986,22,1988/9/30,,penah001,penahi01,2.08,s
smilejo01,1965,3,17,USA,PA,John,Smiley,180,76,L,L,1986/9/1,1986,21,1997/8/30,,smilj001,smilejo01,11,l
winero01,1962,7,13,USA,PA,Robbie,Wine,190,74,R,R,1986/9/2,1986,24,1987/10/3,,winer001,winero01,1.08,s
bittije01,1962,4,13,USA,NJ,Jeff,Bittiger,175,70,R,R,1986/9/2,1986,24,1989/5/30,,bittj001,bittije01,2.74,s
musseje01,1963,6,21,USA,PA,Jeff,Musselman,180,72,L,L,1986/9/2,1986,23,1990/9/7,,mussj001,musseje01,4.02,s
willike02,1964,4,6,USA,CA,Ken,Williams,187,74,R,R,1986/9/2,1986,22,1991/10/4,,willk001,willike02,5.09,s
cochrda01,1963,1,31,USA,CA,Dave,Cochrane,180,74,B,R,1986/9/2,1986,23,1992/7/30,,cochd001,cochrda01,5.91,s
jacksbo01,1962,11,30,USA,AL,Bo,Jackson,220,73,R,R,1986/9/2,1986,24,1994/8/10,,jackb001,jacksbo01,7.94,m
elsteke01,1964,8,3,USA,CA,Kevin,Elster,180,74,R,R,1986/9/2,1986,22,2000/10/1,,elstk001,elsteke01,14.09,l
bellte01,1962,10,27,USA,OH,Terry,Bell,195,72,R,R,1986/9/3,1986,24,1987/9/15,,bellt001,bellte01,1.03,s
seela01,1960,6,20,USA,CA,Larry,See,195,73,R,R,1986/9/3,1986,26,1988/8/16,,see-l001,seela01,1.95,s
browebo01,1960,1,10,USA,NY,Bob,Brower,185,71,R,R,1986/9/3,1986,26,1989/5/30,,browb002,browebo01,2.74,s
hengeda01,1961,12,18,USA,CA,Dave,Hengel,185,72,R,R,1986/9/3,1986,25,1989/6/27,,hengd001,hengeda01,2.82,s
fieldbr01,1960,10,6,USA,OH,Bruce,Fields,185,72,L,R,1986/9/3,1986,26,1989/7/14,,fielb001,fieldbr01,2.86,s
lindeji01,1962,1,10,USA,IL,Jim,Lindeman,200,73,R,R,1986/9/3,1986,24,1994/8/11,,lindj001,lindeji01,7.94,m
seitzke01,1962,3,26,USA,IL,Kevin,Seitzer,180,71,R,R,1986/9/3,1986,24,1997/9/28,,seitk001,seitzke01,11.08,l
clarkda05,1962,9,3,USA,MS,Dave,Clark,200,74,L,R,1986/9/3,1986,24,1998/9/27,,clard001,clarkda05,12.07,l
maddugr01,1966,4,14,USA,TX,Greg,Maddux,170,72,R,R,1986/9/3,1986,20,2008/9/27,,maddg002,maddugr01,22.08,l
dodsopa01,1959,10,11,USA,CA,Pat,Dodson,210,76,L,L,1986/9/5,1986,27,1988/6/22,,dodsp001,dodsopa01,1.8,s
arnsbbr01,1963,8,20,USA,WA,Brad,Arnsberg,205,76,R,R,1986/9/6,1986,23,1992/4/23,,arnsb001,arnsbbr01,5.63,s
brownje01,1966,2,13,V.I.,St. Croix,Jerry,Browne,140,70,B,R,1986/9/6,1986,20,1995/10/1,,browj001,brownje01,9.07,m
jeffest01,1962,12,4,USA,NY,Stan,Jefferson,175,71,B,R,1986/9/7,1986,24,1991/10/1,,jeffs001,jeffest01,5.07,s
magadda01,1962,9,30,USA,FL,Dave,Magadan,190,75,L,R,1986/9/7,1986,24,2001/9/26,,magad001,magadda01,15.06,l
mitchjo02,1965,8,11,USA,TN,John,Mitchell,165,74,R,R,1986/9/8,1986,21,1990/9/30,,mitcj001,mitchjo02,4.06,s
palmera01,1964,9,24,Cuba,La Habana,Rafael,Palmeiro,180,72,L,L,1986/9/8,1986,22,2005/8/30,,palmr001,palmera01,18.99,l
tejadwi01,1962,11,12,D.R.,Distrito Nacional,Wilfredo,Tejada,175,72,R,R,1986/9/9,1986,24,1988/10/2,,tejaw001,tejadwi01,2.07,s
nelsoro03,1964,5,17,USA,CA,Rob,Nelson,215,76,L,L,1986/9/9,1986,22,1990/4/29,,nelsr002,nelsoro03,3.64,s
bockura01,1960,10,5,USA,OH,Randy,Bockus,190,74,L,R,1986/9/10,1986,26,1989/5/27,,bockr001,bockura01,2.71,s
valdese01,1964,9,7,D.R.,Elias Pina,Sergio,Valdez,165,72,R,R,1986/9/10,1986,22,1995/9/26,,valds001,valdese01,9.05,m
frasewi01,1964,5,26,USA,NY,Willie,Fraser,200,73,R,R,1986/9/10,1986,22,1995/9/29,,frasw001,frasewi01,9.06,m
steinte01,1962,3,2,USA,MN,Terry,Steinbach,195,73,R,R,1986/9/12,1986,24,1999/10/1,,steit001,steinte01,13.06,l
mclemma01,1964,10,4,USA,CA,Mark,McLemore,175,71,B,R,1986/9/13,1986,22,2004/10/2,,mclem001,mclemma01,18.07,l
gerhake01,1961,5,19,USA,SC,Ken,Gerhart,190,72,R,R,1986/9/14,1986,25,1988/10/2,,gerhk001,gerhake01,2.05,s
halldr01,1963,3,27,USA,KY,Drew,Hall,220,76,L,L,1986/9/14,1986,23,1990/9/26,,halld001,halldr01,4.04,s
nichoca01,1962,10,14,USA,CA,Carl,Nichols,184,72,R,R,1986/9/14,1986,24,1991/7/5,,nichc001,nichoca01,4.81,s
greenga01,1962,1,14,USA,PA,Gary,Green,175,75,R,R,1986/9/14,1986,24,1992/5/4,,greeg001,greenga01,5.64,s
renteri01,1961,12,25,USA,CA,Rich,Renteria,172,69,R,R,1986/9/14,1986,25,1994/8/11,,rentr001,renteri01,7.91,m
santibe01,1965,3,9,P.R.,,Benito,Santiago,180,73,R,R,1986/9/14,1986,21,2005/4/11,,santb001,santibe01,18.59,l
rodriru01,1964,8,4,D.R.,Maria Trinidad Sanchez,Ruben,Rodriguez,170,72,R,R,1986/9/15,1986,22,1988/10/1,,rodrr002,rodriru01,2.05,s
diazed01,1964,2,8,P.R.,,Edgar,Diaz,155,72,R,R,1986/9/16,1986,22,1990/9/28,,diaze001,diazed01,4.04,s
freemma02,1963,4,10,USA,IL,Marvin,Freeman,200,79,R,R,1986/9/16,1986,23,1996/9/14,,freem001,freemma02,10,l
rodriri01,1960,9,21,USA,CA,Rick,Rodriguez,190,75,R,R,1986/9/17,1986,26,1990/8/26,,rodrr001,rodriri01,3.94,s
vosbeed01,1961,9,28,USA,AZ,Ed,Vosberg,190,73,L,L,1986/9/17,1986,25,2002/4/10,,vosbe001,vosbeed01,15.57,l
pecotbi01,1960,2,16,USA,CA,Bill,Pecota,195,74,R,R,1986/9/19,1986,26,1994/8/11,,pecob001,pecotbi01,7.9,m
haywara01,1961,4,27,USA,OK,Ray,Hayward,190,73,L,L,1986/9/20,1986,25,1988/7/5,,haywr001,haywara01,1.79,s
parenma01,1961,9,16,USA,OR,Mark,Parent,215,77,R,R,1986/9/20,1986,25,1998/9/1,,parem001,parenma01,11.96,l
jonesji02,1964,4,20,USA,TX,Jimmy,Jones,175,74,R,R,1986/9/21,1986,22,1993/7/5,,jonej002,jonesji02,6.79,m
bellja01,1965,12,11,USA,FL,Jay,Bell,180,73,R,R,1986/9/29,1986,21,2003/9/28,,bellj001,bellja01,17.01,l
brownke01,1965,3,14,USA,GA,Kevin,Brown,195,76,R,R,1986/9/30,1986,21,2005/7/23,,browk001,brownke01,18.82,l
garcile01,1962,11,6,D.R.,Santiago,Leo,Garcia,160,68,L,L,1987/4/6,1987,25,1988/6/1,,garcl001,garcile01,1.16,s
steelji01,1961,5,30,USA,MS,Jim,Steels,185,70,L,L,1987/4/6,1987,26,1989/5/19,,steej001,steelji01,2.12,s
powelal01,1964,12,12,USA,CA,Alonzo,Powell,190,74,R,R,1987/4/6,1987,23,1991/10/6,,powea001,powelal01,4.5,s
mcclell01,1959,1,11,USA,IN,Lloyd,McClendon,190,70,R,R,1987/4/6,1987,28,1994/8/11,,mccll001,mcclell01,7.35,m
sharpmi01,1961,10,4,USA,SC,Mike,Sharperson,190,75,R,R,1987/4/6,1987,26,1995/7/15,,sharm001,sharpmi01,8.28,m
corajo01,1965,5,14,P.R.,,Joey,Cora,150,67,B,R,1987/4/6,1987,22,1998/9/27,,coraj001,corajo01,11.48,l
nixondo01,1961,12,31,USA,NC,Donell,Nixon,185,73,R,R,1987/4/7,1987,26,1990/7/1,,nixod001,nixondo01,3.24,s
woodstr01,1962,10,5,USA,VA,Tracy,Woodson,215,75,R,R,1987/4/7,1987,25,1993/10/2,,woodt001,woodstr01,6.49,m
lancale01,1962,4,21,USA,TX,Les,Lancaster,200,74,R,R,1987/4/7,1987,25,1993/10/3,,lancl001,lancale01,6.5,m
starkma01,1965,1,21,USA,CA,Matt,Stark,225,76,R,R,1987/4/8,1987,22,1990/9/29,,starm001,starkma01,3.48,s
willima05,1959,7,21,USA,TX,Mark,Williamson,155,72,R,R,1987/4/8,1987,28,1994/8/4,,willm004,willima05,7.33,m
crimch01,1961,7,23,USA,CA,Chuck,Crim,175,72,R,R,1987/4/8,1987,26,1994/8/8,,crimc001,crimch01,7.34,m
andersc01,1962,8,1,USA,OR,Scott,Anderson,190,78,R,R,1987/4/8,1987,25,1995/8/26,,andes001,andersc01,8.39,m
surhobj01,1964,8,4,USA,NY,B. J.,Surhoff,185,73,L,R,1987/4/8,1987,23,2005/10/2,,surhb001,surhob.01,18.5,l
easlelo01,1961,11,4,USA,UT,Logan,Easley,185,73,R,R,1987/4/9,1987,26,1989/5/28,,easll001,easlelo01,2.14,s
nunezjo01,1964,1,13,D.R.,La Vega,Jose,Nunez,175,75,R,R,1987/4/9,1987,23,1990/10/1,,nunej001,nunezjo01,3.48,s
klinkjo01,1962,2,3,USA,PA,Joe,Klink,170,71,L,L,1987/4/9,1987,25,1996/5/17,,klinj001,klinkjo01,9.11,m
sheafda01,1961,8,2,USA,FL,Danny,Sheaffer,185,72,R,R,1987/4/9,1987,26,1997/9/27,,shead001,sheafda01,10.48,l
strakle01,1959,10,10,Venezuela,Bolivar,Les,Straker,193,73,R,R,1987/4/11,1987,28,1988/10/1,,stral001,strakle01,1.48,s
willima04,1965,11,28,USA,CA,Matt,Williams,205,74,R,R,1987/4/11,1987,22,2003/5/31,,willm003,willima04,16.15,l
robinje02,1961,12,14,USA,CA,Jeff,Robinson,210,78,R,R,1987/4/12,1987,26,1992/7/20,,robij002,robinje02,5.28,s
gallada01,1960,9,20,USA,NJ,Dave,Gallagher,180,72,R,R,1987/4/12,1987,27,1995/10/2,,galld001,gallada01,8.48,m
pagnoto01,1962,7,30,USA,AZ,Tom,Pagnozzi,190,72,R,R,1987/4/12,1987,25,1998/8/15,,pagnt001,pagnoto01,11.35,l
meadsda01,1964,1,7,USA,NJ,Dave,Meads,175,72,L,L,1987/4/13,1987,23,1988/9/30,,meadd001,meadsda01,1.47,s
pedrial01,1960,8,11,Venezuela,Carabobo,Al,Pedrique,155,72,R,R,1987/4/14,1987,27,1989/6/21,,pedra001,pedrial01,2.19,s
monteri01,1963,3,22,USA,FL,Rich,Monteleone,205,74,R,R,1987/4/15,1987,24,1996/7/11,,montr002,monteri01,9.25,m
polonlu01,1963,12,10,D.R.,Santiago,Luis,Polonia,155,68,L,L,1987/4/24,1987,24,2000/10/1,,polol001,polonlu01,13.45,l
buicede01,1957,8,20,USA,CA,DeWayne,Buice,170,72,R,R,1987/4/25,1987,30,1989/6/27,,buicd001,buicede01,2.18,s
beanbi01,1964,5,11,USA,CA,Bill,Bean,185,72,L,L,1987/4/25,1987,23,1995/7/8,,beanb002,beanbi01,8.21,m
magrajo01,1964,7,2,USA,IA,Joe,Magrane,225,78,R,L,1987/4/25,1987,23,1996/6/21,,magrj001,magrajo01,9.16,m
bookero01,1958,9,4,USA,CA,Rod,Booker,175,72,L,R,1987/4/29,1987,29,1991/7/14,,bookr001,bookero01,4.21,s
garcimi02,1967,4,3,Venezuela,Distrito Federal,Miguel,Garcia,173,71,L,L,1987/4/30,1987,20,1989/7/22,,garcm001,garcimi02,2.23,s
taylodo01,1958,8,11,USA,PA,Dorn,Taylor,180,74,R,R,1987/4/30,1987,29,1990/9/30,,tayld002,taylodo01,3.42,s
burksel01,1964,9,11,USA,MS,Ellis,Burks,175,74,R,R,1987/4/30,1987,23,2004/10/2,,burke001,burksel01,17.44,l
ritchwa01,1965,7,12,USA,CA,Wally,Ritchie,180,74,L,L,1987/5/1,1987,22,1992/7/28,,ritcw001,ritchwa01,5.25,s
duceyro01,1965,5,24,CAN,ON,Rob,Ducey,175,74,L,R,1987/5/1,1987,22,2001/7/22,,duceb001,duceyro01,14.24,l
ballaje01,1963,8,13,USA,MT,Jeff,Ballard,195,75,L,L,1987/5/9,1987,24,1994/7/8,,ballj002,ballaje01,7.17,m
hennemi01,1961,12,11,USA,MO,Mike,Henneman,205,76,R,R,1987/5/11,1987,26,1996/9/27,,hennm001,hennemi01,9.39,m
innisje01,1962,7,5,USA,IL,Jeff,Innis,170,73,R,R,1987/5/16,1987,25,1993/10/2,,innij001,innisje01,6.39,m
harvebr01,1963,6,2,USA,TN,Bryan,Harvey,205,75,R,R,1987/5/16,1987,24,1995/4/28,,harvb001,harvebr01,7.96,m
boltoto01,1962,5,6,USA,TN,Tom,Bolton,172,74,L,L,1987/5/17,1987,25,1994/7/30,,boltt001,boltoto01,7.21,m
hugheke01,1963,9,12,USA,PA,Keith,Hughes,210,75,L,L,1987/5/19,1987,24,1993/5/20,,hughk001,hugheke01,6.01,m
larkige01,1962,10,24,USA,NY,Gene,Larkin,195,75,B,R,1987/5/21,1987,25,1993/8/11,,larkg001,larkige01,6.23,m
pacilpa01,1963,7,23,USA,NJ,Pat,Pacillo,205,74,R,R,1987/5/23,1987,24,1988/6/1,,pacip001,pacilpa01,1.03,s
macksh01,1963,12,7,USA,CA,Shane,Mack,185,72,R,R,1987/5/25,1987,24,1998/7/30,,macks001,macksh01,11.19,l
mallobo02,1964,11,24,USA,VA,Bob,Malloy,200,77,R,R,1987/5/26,1987,23,1990/6/8,,mallb001,mallobo02,3.04,s
jacksch03,1963,3,19,USA,WA,Chuck,Jackson,185,72,R,R,1987/5/26,1987,24,1994/6/14,,jackc001,jacksch03,7.06,m
leistjo01,1961,1,3,USA,TX,John,Leister,200,74,R,R,1987/5/28,1987,26,1990/4/16,,leisj001,leistjo01,2.89,s
johnsda04,1959,10,24,USA,MD,Dave,Johnson,180,70,R,R,1987/5/29,1987,28,1993/9/19,,johnd001,johnsda04,6.32,m
walewji01,1962,5,2,USA,IL,Jim,Walewander,160,70,B,R,1987/5/31,1987,25,1993/10/3,,walej001,walewji01,6.35,m
nocepa01,1959,12,16,USA,CA,Paul,Noce,175,70,R,R,1987/6/1,1987,28,1990/5/17,,nocep001,nocepa01,2.96,s
edensto01,1961,6,9,USA,OR,Tom,Edens,185,75,R,R,1987/6/2,1987,26,1995/5/10,,edent001,edensto01,7.94,m
aldrija01,1961,4,14,USA,LA,Jay,Aldrich,210,75,R,R,1987/6/5,1987,26,1990/4/26,,aldrj001,aldrija01,2.89,s
dunnemi01,1962,10,27,USA,IN,Mike,Dunne,190,76,R,R,1987/6/5,1987,25,1992/10/3,,dunnm001,dunnemi01,5.33,s
kilgupa01,1962,2,2,USA,KY,Paul,Kilgus,175,73,L,L,1987/6/7,1987,25,1993/10/3,,kilgp001,kilgupa01,6.33,m
maddemo01,1960,8,31,USA,SC,Morris,Madden,155,72,L,L,1987/6/11,1987,27,1989/6/23,,maddm003,maddemo01,2.04,s
milleke01,1963,6,12,USA,MI,Keith,Miller,175,71,R,R,1987/6/16,1987,24,1995/5/13,,millk001,milleke01,7.91,m
brumlmi02,1963,4,9,USA,OK,Mike,Brumley,165,70,B,R,1987/6/16,1987,24,1995/10/1,,brumm001,brumlmi02,8.3,m
fischje01,1963,8,17,USA,FL,Jeff,Fischer,185,75,R,R,1987/6/19,1987,24,1989/9/23,,fiscj001,fischje01,2.27,s
benzito01,1963,2,11,USA,KY,Todd,Benzinger,185,73,B,R,1987/6/21,1987,24,1995/5/14,,benzt001,benzito01,7.9,m
wellsda01,1963,5,20,USA,CA,David,Wells,187,75,L,L,1987/6/30,1987,24,2007/9/28,,welld001,wellsda01,20.26,l
campbmi01,1964,2,17,USA,WA,Mike,Campbell,210,75,R,R,1987/7/4,1987,23,1996/9/27,,campm001,campbmi01,9.24,m
gideobr01,1963,8,8,USA,TX,Brett,Gideon,200,74,R,R,1987/7/5,1987,24,1990/4/10,,gideb001,gideobr01,2.77,s
cadargr01,1962,2,27,USA,MI,Greg,Cadaret,210,75,L,L,1987/7/5,1987,25,1998/9/26,,cadag001,cadargr01,11.24,l
blausje01,1965,11,8,USA,CA,Jeff,Blauser,170,72,R,R,1987/7/5,1987,22,1999/10/3,,blauj001,blausje01,12.25,l
youngge02,1964,10,22,Honduras,,Gerald,Young,185,74,B,R,1987/7/8,1987,23,1994/8/11,,young001,youngge02,7.1,m
fermife01,1963,10,9,D.R.,Valverde,Felix,Fermin,160,71,R,R,1987/7/8,1987,24,1996/8/7,,fermf001,fermife01,9.09,m
johnsla03,1963,7,6,USA,OH,Lance,Johnson,160,70,L,L,1987/7/10,1987,24,2000/5/27,,johnl001,johnsla03,12.89,l
mcgrite01,1963,9,23,USA,FL,Terry,McGriff,190,74,R,R,1987/7/11,1987,24,1994/8/7,,mcgrt002,mcgrite01,7.08,m
ripkebi01,1964,12,16,USA,MD,Billy,Ripken,180,73,R,R,1987/7/11,1987,23,1998/7/13,,ripkb001,ripkebi01,11.01,l
weisswa01,1963,11,28,USA,NY,Walt,Weiss,175,72,B,R,1987/7/12,1987,24,2000/10/1,,weisw001,weisswa01,13.23,l
hinzoto01,1964,6,18,USA,CA,Tommy,Hinzo,170,70,B,R,1987/7/16,1987,23,1989/10/1,,hinzt001,hinzoto01,2.21,s
caminke01,1963,4,21,USA,CA,Ken,Caminiti,200,72,B,R,1987/7/16,1987,24,2001/10/7,,camik001,caminke01,14.24,l
sassema01,1962,8,3,USA,GA,Mackey,Sasser,190,73,L,R,1987/7/17,1987,25,1995/5/15,,sassm001,sassema01,7.83,m
madrial01,1963,4,18,USA,AZ,Alex,Madrid,200,75,R,R,1987/7/20,1987,24,1989/5/30,,madra001,madrial01,1.86,s
macfami01,1964,4,12,USA,CA,Mike,Macfarlane,200,73,R,R,1987/7/23,1987,23,1999/10/3,,macfm001,macfami01,12.21,l
davisjo04,1963,1,5,USA,IL,John,Davis,215,79,R,R,1987/7/24,1987,24,1990/8/15,,davij003,davisjo04,3.06,s
hornsa01,1963,11,2,USA,TX,Sam,Horn,215,77,L,L,1987/7/25,1987,24,1995/9/20,,horns001,hornsa01,8.16,m
crewsti01,1961,4,3,USA,FL,Tim,Crews,180,72,R,R,1987/7/27,1987,26,1992/10/3,,crewt001,crewsti01,5.19,s
kellyro01,1964,10,1,Panama,Panama,Roberto,Kelly,180,74,R,R,1987/7/29,1987,23,2000/4/18,,kellb002,kellyro01,12.73,l
marzajo01,1963,2,14,USA,PA,John,Marzano,185,71,R,R,1987/7/31,1987,24,1998/9/23,,marzj001,marzajo01,11.16,l
nolteer01,1964,4,28,USA,CA,Eric,Nolte,205,75,L,L,1987/8/1,1987,23,1991/6/1,,nolte001,nolteer01,3.84,s
montgje01,1962,1,7,USA,OH,Jeff,Montgomery,170,71,R,R,1987/8/1,1987,25,1999/10/2,,montj002,montgje01,12.18,l
hillesh01,1964,8,21,USA,CA,Shawn,Hillegas,205,75,R,R,1987/8/9,1987,23,1993/7/17,,hills001,hillesh01,5.94,s
frohwto01,1962,9,28,USA,WI,Todd,Frohwirth,190,76,R,R,1987/8/10,1987,25,1996/5/27,,froht001,frohwto01,8.8,m
peterst01,1962,11,14,USA,OK,Steve,Peters,170,70,L,L,1987/8/11,1987,25,1988/10/2,,petes001,peterst01,1.15,s
gwynnch01,1964,10,13,USA,CA,Chris,Gwynn,200,72,L,L,1987/8/14,1987,23,1996/9/29,,gwync001,gwynnch01,9.13,m
glavito02,1966,3,25,USA,MA,Tom,Glavine,175,72,L,L,1987/8/17,1987,21,2008/8/14,,glavt001,glavito02,21.01,l
farrejo03,1962,8,4,USA,NJ,John,Farrell,210,76,R,R,1987/8/18,1987,25,1996/5/22,,farrj001,farrejo03,8.77,m
mielkga01,1963,1,28,USA,MN,Gary,Mielke,185,75,R,R,1987/8/19,1987,24,1990/9/30,,mielg001,mielkga01,3.12,s
velarra01,1962,11,24,USA,TX,Randy,Velarde,185,72,R,R,1987/8/20,1987,25,2002/9/29,,velar001,velarra01,15.12,l
liriane01,1964,6,3,D.R.,Puerto Plata,Nelson,Liriano,165,70,B,R,1987/8/25,1987,23,1998/5/13,,lirin001,liriane01,10.72,l
lindjo01,1964,5,1,P.R.,,Jose,Lind,155,71,R,R,1987/8/28,1987,23,1995/8/29,,lindj002,lindjo01,8.01,m
thurmga01,1964,11,12,USA,IN,Gary,Thurman,170,70,R,R,1987/8/30,1987,23,1997/5/26,,thurg001,thurmga01,9.75,m
stanipe01,1963,4,18,USA,IL,Pete,Stanicek,175,71,B,R,1987/9/1,1987,24,1988/10/2,,stanp001,stanipe01,1.09,s
lusadsc01,1964,9,30,USA,IL,Scott,Lusader,165,70,L,L,1987/9/1,1987,23,1991/5/11,,lusas001,lusadsc01,3.69,s
daughja01,1960,7,3,USA,FL,Jack,Daugherty,188,72,B,L,1987/9/1,1987,27,1993/10/3,,daugj001,daughja01,6.09,m
devermi01,1963,4,10,USA,WY,Mike,Devereaux,195,72,R,R,1987/9/2,1987,24,1998/4/17,,devem001,devermi01,10.63,l
treadje01,1963,1,22,USA,GA,Jeff,Treadway,170,70,L,R,1987/9/4,1987,24,1995/9/12,,treaj001,treadje01,8.03,m
perezme01,1966,2,15,D.R.,San Cristobal,Melido,Perez,180,76,R,R,1987/9/4,1987,21,1995/9/13,,perem001,perezme01,8.03,m
palacvi01,1963,7,19,Mexico,Veracruz,Vicente,Palacios,165,75,R,R,1987/9/4,1987,24,2000/5/11,,palav001,palacvi01,12.69,l
claryma01,1962,4,3,USA,MI,Marty,Clary,190,76,R,R,1987/9/5,1987,25,1990/9/29,,clarm001,claryma01,3.07,s
coffmke01,1965,1,19,USA,TX,Kevin,Coffman,175,74,R,R,1987/9/5,1987,22,1990/10/1,,coffk001,coffmke01,3.07,s
berryda01,1963,12,3,USA,CA,Damon,Berryhill,205,72,B,R,1987/9/5,1987,24,1997/9/28,,berrd002,berryda01,10.07,l
jeffegr01,1967,8,1,USA,CA,Gregg,Jefferies,175,71,B,R,1987/9/6,1987,20,2000/5/29,,jeffg001,jeffegr01,12.74,l
belchti01,1961,10,19,USA,OH,Tim,Belcher,210,75,R,R,1987/9/6,1987,26,2000/9/30,,belct001,belchti01,13.08,l
gantro01,1965,3,2,USA,TX,Ron,Gant,172,72,R,R,1987/9/6,1987,22,2003/5/25,,gantr001,gantro01,15.73,l
epparji01,1960,4,27,USA,IN,Jim,Eppard,180,74,L,L,1987/9/8,1987,27,1990/10/1,,eppaj001,epparji01,3.07,s
abnersh01,1966,6,17,USA,OH,Shawn,Abner,190,73,R,R,1987/9/8,1987,21,1992/10/3,,abnes001,abnersh01,5.07,s
ottoda01,1964,11,12,USA,IL,Dave,Otto,210,79,L,L,1987/9/8,1987,23,1994/8/10,,ottod001,ottoda01,6.93,m
dorsebr01,1961,4,9,USA,IN,Brian,Dorsett,215,75,R,R,1987/9/8,1987,26,1996/6/4,,dorsb001,dorsebr01,8.75,m
carrema01,1963,7,19,USA,IL,Mark,Carreon,170,72,R,L,1987/9/8,1987,24,1996/8/23,,carrm001,carrema01,8.96,m
smithpe02,1966,2,27,USA,MA,Pete,Smith,185,74,R,R,1987/9/8,1987,21,1998/9/24,,smitp001,smithpe02,11.05,l
mesajo01,1966,5,22,D.R.,Azua,Jose,Mesa,170,75,R,R,1987/9/10,1987,21,2007/9/29,,mesaj001,mesajo01,20.07,l
malliro01,1964,11,16,USA,OR,Rob,Mallicoat,180,75,L,L,1987/9/11,1987,23,1992/9/22,,mallr001,malliro01,5.04,s
destror01,1962,5,8,Cuba,Santiago de Cuba,Orestes,Destrade,210,76,B,R,1987/9/11,1987,25,1994/5/24,,desto001,destror01,6.7,m
buhneja01,1964,8,13,USA,KY,Jay,Buhner,220,75,R,R,1987/9/11,1987,23,2001/10/7,,buhnj001,buhneja01,14.08,l
drummti01,1964,12,24,USA,MD,Tim,Drummond,170,75,R,R,1987/9/12,1987,23,1990/9/28,,drumt001,drummti01,3.05,s
millira01,1961,11,27,USA,CA,Randy,Milligan,200,74,R,R,1987/9/12,1987,26,1994/8/11,,millr002,millira01,6.92,m
diazma01,1962,1,10,P.R.,,Mario,Diaz,145,70,R,R,1987/9/12,1987,25,1995/10/1,,diazm002,diazma01,8.06,m
reedjo01,1962,7,26,USA,FL,Jody,Reed,170,69,R,R,1987/9/12,1987,25,1997/8/22,,reedj003,reedjo01,9.95,m
martied01,1963,1,2,USA,NY,Edgar,Martinez,175,72,R,R,1987/9/12,1987,24,2004/10/3,,marte001,martied01,17.07,l
myersgr01,1966,4,14,USA,CA,Greg,Myers,200,73,L,R,1987/9/12,1987,21,2005/4/22,,myerg001,myersgr01,17.62,l
savagja01,1964,4,22,USA,KY,Jack,Savage,190,75,R,R,1987/9/14,1987,23,1990/9/14,,savaj001,savagja01,3,s
parkecl01,1962,12,19,USA,LA,Clay,Parker,185,73,R,R,1987/9/14,1987,25,1992/6/8,,parkc001,parkecl01,4.74,s
afenitr01,1963,9,21,USA,CA,Troy,Afenir,185,76,R,R,1987/9/14,1987,24,1992/7/10,,afent001,afenitr01,4.82,s
greggto01,1963,7,29,USA,NC,Tommy,Gregg,190,73,L,L,1987/9/14,1987,24,1997/9/28,,gregt001,greggto01,10.05,l
mcdowja01,1966,1,16,USA,CA,Jack,McDowell,180,77,R,R,1987/9/15,1987,21,1999/8/8,,mcdoj001,mcdowja01,11.9,l
manwaki01,1965,7,15,USA,NY,Kirt,Manwaring,185,71,R,R,1987/9/15,1987,22,1999/10/3,,manwk001,manwaki01,12.06,l
burkejo03,1964,11,28,USA,PA,John,Burkett,175,74,R,R,1987/9/15,1987,23,2003/9/26,,burkj001,burkejo03,16.04,l
leiteal01,1965,10,23,USA,NJ,Al,Leiter,200,74,L,L,1987/9/15,1987,22,2005/10/2,,leita001,leiteal01,18.06,l
stanist01,1961,6,19,USA,IL,Steve,Stanicek,190,72,R,R,1987/9/16,1987,26,1989/10/1,,stans001,stanist01,2.04,s
santone01,1961,7,27,Cuba,Pinar del Rio,Nelson,Santovenia,195,75,R,R,1987/9/16,1987,26,1993/10/2,,santn001,santone01,6.05,m
peterad01,1965,12,11,USA,CA,Adam,Peterson,190,75,R,R,1987/9/19,1987,22,1991/8/6,,petea001,peterad01,3.88,s
princto01,1964,8,13,USA,IL,Tom,Prince,185,71,R,R,1987/9/22,1987,23,2003/9/28,,print001,princto01,16.03,l
infanal01,1961,12,4,Venezuela,Lara,Alexis,Infante,175,70,R,R,1987/9/27,1987,26,1990/7/15,,infaa001,infanal01,2.8,s
meyerjo01,1962,5,10,USA,HI,Joey,Meyer,260,75,R,R,1988/4/4,1988,26,1989/9/30,,meyej001,meyerjo01,1.49,s
campusi01,1965,12,31,D.R.,Distrito Nacional,Sil,Campusano,160,72,R,R,1988/4/4,1988,23,1991/7/6,,camps001,campusi01,3.25,s
saboch01,1962,1,19,USA,MI,Chris,Sabo,185,71,R,R,1988/4/4,1988,26,1996/9/2,,saboc001,saboch01,8.42,m
anderbr01,1964,1,18,USA,MD,Brady,Anderson,170,73,L,L,1988/4/4,1988,24,2002/5/20,,andeb001,anderbr01,14.13,l
stottto01,1965,5,20,USA,WA,Todd,Stottlemyre,195,75,L,R,1988/4/6,1988,23,2002/6/26,,stott001,stottto01,14.23,l
bordepa01,1963,5,14,USA,OH,Pat,Borders,190,74,R,R,1988/4/6,1988,25,2005/7/27,,bordp001,bordepa01,17.32,l
heinkdo01,1959,10,20,USA,WI,Don,Heinkel,185,72,L,R,1988/4/7,1988,29,1989/5/18,,heind001,heinkdo01,1.11,s
jennido01,1964,9,30,USA,GA,Doug,Jennings,175,70,L,L,1988/4/8,1988,24,1993/9/26,,jennd001,jennido01,5.47,s
gibsopa01,1960,1,4,USA,NY,Paul,Gibson,165,72,R,L,1988/4/8,1988,28,1996/5/27,,gibsp001,gibsopa01,8.14,m
bautijo01,1964,7,25,D.R.,Peravia,Jose,Bautista,177,73,R,R,1988/4/9,1988,24,1997/9/25,,bautj001,bautijo01,9.47,m
segurjo01,1963,1,26,D.R.,Barahona,Jose,Segura,180,71,R,R,1988/4/10,1988,25,1991/7/4,,seguj001,segurjo01,3.23,s
eavega01,1963,7,22,USA,LA,Gary,Eave,200,76,R,R,1988/4/12,1988,25,1990/5/15,,eaveg001,eavega01,2.09,s
roomero01,1962,2,15,Jamaica,,Rolando,Roomes,180,75,R,R,1988/4/12,1988,26,1990/9/30,,roomr001,roomero01,2.47,s
alomaro01,1968,2,5,P.R.,,Roberto,Alomar,184,72,B,R,1988/4/22,1988,20,2004/9/5,,alomr001,alomaro01,16.38,l
milleke02,1963,3,7,USA,TX,Keith,Miller,175,71,B,R,1988/4/23,1988,25,1989/10/1,,millk002,milleke02,1.44,s
alicelu01,1965,7,29,P.R.,,Luis,Alicea,165,69,B,R,1988/4/23,1988,23,2002/9/25,,alicl001,alicelu01,14.43,l
worthcr01,1965,4,17,USA,CA,Craig,Worthington,160,72,R,R,1988/4/26,1988,23,1996/5/14,,wortc001,worthcr01,8.05,m
paredjo01,1962,9,2,Venezuela,Zulia,Johnny,Paredes,165,71,R,R,1988/4/29,1988,26,1991/10/6,,parej001,paredjo01,3.44,s
gracema01,1964,6,28,USA,NC,Mark,Grace,190,74,L,L,1988/5/2,1988,24,2003/9/28,,gracm001,gracema01,15.42,l
capelmi01,1961,10,13,USA,TX,Mike,Capel,175,73,R,R,1988/5/7,1988,27,1991/8/14,,capem001,capelmi01,3.27,s
medvisc01,1961,9,16,USA,OH,Scott,Medvin,195,73,R,R,1988/5/9,1988,27,1990/9/22,,medvs001,medvisc01,2.37,s
carpecr01,1965,4,5,USA,FL,Cris,Carpenter,195,73,R,R,1988/5/14,1988,23,1996/4/26,,carpc001,carpecr01,7.96,m
fossato01,1957,9,23,Cuba,La Habana,Tony,Fossas,195,72,L,L,1988/5/15,1988,31,1999/5/14,,fosst001,fossato01,11,l
gerenbo01,1961,9,22,USA,CA,Bob,Geren,205,75,R,R,1988/5/17,1988,27,1993/7/26,,gereb001,gerenbo01,5.19,s
corbesh01,1962,11,3,USA,TX,Sherman,Corbett,205,76,L,L,1988/5/29,1988,26,1990/5/5,,corbs001,corbesh01,1.93,s
picoje01,1966,2,12,USA,CA,Jeff,Pico,180,73,R,R,1988/5/31,1988,22,1990/9/9,,picoj001,picoje01,2.28,s
burnsto02,1963,7,6,USA,CA,Todd,Burns,186,74,R,R,1988/5/31,1988,25,1993/9/17,,burnt001,burnsto02,5.3,s
augusdo01,1963,7,3,USA,CA,Don,August,190,75,R,R,1988/6/2,1988,25,1991/10/1,,augud001,augusdo01,3.33,s
costejo01,1960,12,24,USA,NY,John,Costello,190,73,R,R,1988/6/2,1988,28,1991/10/5,,costj001,costejo01,3.34,s
hamilda02,1964,12,3,USA,LA,Darryl,Hamilton,180,73,L,R,1988/6/3,1988,24,2001/6/28,,hamid001,hamilda02,13.08,l
rosenst01,1964,10,31,USA,NY,Steve,Rosenberg,186,72,L,L,1988/6/4,1988,24,1991/5/26,,roses001,rosenst01,2.98,s
redfijo01,1961,1,14,USA,PA,Joe,Redfield,190,74,R,R,1988/6/4,1988,27,1991/7/15,,redfj001,redfijo01,3.11,s
schoomi01,1962,8,10,USA,CA,Mike,Schooler,220,75,R,R,1988/6/10,1988,26,1993/9/3,,schom001,schoomi01,5.24,s
moorebr01,1964,6,21,USA,CO,Brad,Moore,185,73,R,R,1988/6/14,1988,24,1990/4/25,,moorb003,moorebr01,1.86,s
grayje01,1963,4,10,USA,VA,Jeff,Gray,175,73,R,R,1988/6/21,1988,25,1991/7/28,,grayj001,grayje01,3.1,s
armstja01,1965,3,7,USA,NJ,Jack,Armstrong,220,77,R,R,1988/6/21,1988,23,1994/4/17,,armsj001,armstja01,5.82,s
torveke01,1960,1,10,USA,SD,Kelvin,Torve,205,75,L,R,1988/6/25,1988,28,1991/7/24,,torvk001,torveke01,3.08,s
holmabr01,1965,1,25,USA,CO,Brian,Holman,185,76,R,R,1988/6/25,1988,23,1991/9/22,,holmb001,holmabr01,3.24,s
biggicr01,1965,12,14,USA,NY,Craig,Biggio,185,71,R,R,1988/6/26,1988,23,2007/9/30,,biggc001,biggicr01,19.27,l
brilegr01,1965,5,24,USA,NC,Greg,Briley,175,69,L,R,1988/6/27,1988,23,1993/9/24,,brilg001,brilegr01,5.25,s
corsiji01,1961,9,9,USA,MA,Jim,Corsi,210,73,R,R,1988/6/28,1988,27,1999/10/3,,corsj001,corsiji01,11.27,l
dibblro01,1964,1,24,USA,CT,Rob,Dibble,230,76,L,R,1988/6/29,1988,24,1995/9/30,,dibbr001,dibblro01,7.26,m
barreto01,1960,4,2,USA,CA,Tom,Barrett,157,69,B,R,1988/7/2,1988,28,1992/8/16,,barrt002,barreto01,4.13,s
varshga01,1961,6,20,USA,WI,Gary,Varsho,190,71,L,R,1988/7/6,1988,27,1995/10/1,,varsg001,varshga01,7.24,m
sanchis01,1963,8,20,Cuba,,Israel,Sanchez,170,69,L,L,1988/7/7,1988,25,1990/10/2,,sanci001,sanchis01,2.24,s
clarkte01,1960,10,18,USA,CA,Terry,Clark,190,74,R,R,1988/7/7,1988,28,1997/9/20,,clart001,clarkte01,9.21,m
davisdo01,1962,9,24,USA,PA,Doug,Davis,180,72,R,R,1988/7/8,1988,26,1992/4/23,,david001,davisdo01,3.79,s
patteke01,1964,7,8,USA,CA,Ken,Patterson,210,76,L,L,1988/7/8,1988,24,1994/4/24,,pattk001,patteke01,5.8,s
jordari02,1965,5,26,USA,CA,Ricky,Jordan,210,77,R,R,1988/7/17,1988,23,1996/9/20,,jordr001,jordari02,8.18,m
brennwi01,1963,1,15,USA,FL,William,Brennan,200,75,R,R,1988/7/19,1988,25,1993/10/2,,brenw001,brennwi01,5.21,s
smoltjo01,1967,5,15,USA,MI,John,Smoltz,210,75,R,R,1988/7/23,1988,21,2009/9/30,,smolj001,smoltjo01,21.2,l
jonesti02,1962,12,1,USA,SC,Tim,Jones,172,70,L,R,1988/7/26,1988,26,1993/10/2,,jonet002,jonesti02,5.19,s
morriha02,1965,4,9,USA,AL,Hal,Morris,200,75,L,L,1988/7/29,1988,23,2000/10/1,,morrh001,morriha02,12.18,l
nichoro02,1964,12,29,USA,IA,Rod,Nichols,190,74,R,R,1988/7/30,1988,24,1995/8/29,,nichr002,nichoro02,7.08,m
palldo01,1962,1,11,USA,IL,Donn,Pall,185,74,R,R,1988/8/1,1988,26,1998/9/27,,palld001,palldo01,10.16,l
mcguibi01,1964,2,14,USA,NE,Bill,McGuire,205,75,R,R,1988/8/2,1988,24,1989/9/22,,mcgub001,mcguibi01,1.14,s
eilanda01,1966,7,5,USA,FL,Dave,Eiland,210,75,R,R,1988/8/3,1988,22,2000/9/10,,eilad001,eilanda01,12.11,l
gonzage01,1962,3,7,Venezuela,Sucre,German,Gonzalez,170,72,R,R,1988/8/5,1988,26,1989/9/25,,gonzg001,gonzage01,1.14,s
brantje01,1963,9,5,USA,AL,Jeff,Brantley,180,71,R,R,1988/8/5,1988,25,2001/5/23,,branj001,brantje01,12.81,l
reedri01,1964,8,16,USA,WV,Rick,Reed,195,72,R,R,1988/8/8,1988,24,2003/9/26,,reedr002,reedri01,15.14,l
martira02,1968,3,22,D.R.,Distrito Nacional,Ramon,Martinez,165,76,R,R,1988/8/13,1988,20,2001/5/1,,martr002,martira02,12.72,l
castito02,1963,3,1,Venezuela,Lara,Tony,Castillo,177,70,L,L,1988/8/14,1988,25,1998/6/19,,castt001,castito02,9.85,m
turnesh01,1963,1,8,USA,CA,Shane,Turner,180,70,L,R,1988/8/19,1988,25,1992/9/29,,turns001,turnesh01,4.12,s
charlno01,1963,1,6,USA,LA,Norm,Charlton,195,75,B,L,1988/8/19,1988,25,2001/10/7,,charn001,charlno01,13.14,l
brownke02,1964,2,14,USA,AZ,Keith,Brown,215,76,B,R,1988/8/25,1988,24,1992/7/11,,browk002,brownke02,3.88,s
jonesro02,1964,6,11,USA,TX,Ron,Jones,195,70,L,R,1988/8/26,1988,24,1991/10/6,,joner004,jonesro02,3.11,s
searcst01,1964,6,4,USA,TN,Steve,Searcy,190,73,L,L,1988/8/29,1988,24,1992/6/1,,sears001,searcst01,3.76,s
medinlu01,1963,3,26,USA,CA,Luis,Medina,200,76,R,L,1988/9/2,1988,25,1991/6/13,,medil001,medinlu01,2.78,s
maysc01,1961,11,11,USA,WI,Scott,May,185,73,R,R,1988/9/2,1988,27,1991/8/25,,may-s001,maysc01,2.98,s
martica02,1965,8,11,Venezuela,Vargas,Carlos,Martinez,175,77,R,R,1988/9/2,1988,23,1995/7/20,,martc002,martica02,6.88,m
dascedo01,1964,6,30,USA,OH,Doug,Dascenzo,150,67,B,L,1988/9/2,1988,24,1996/9/29,,dascd001,dascedo01,8.08,m
husonje01,1964,8,15,USA,AZ,Jeff,Huson,180,75,L,R,1988/9/2,1988,24,2000/10/1,,husoj001,husonje01,12.09,l
olsongr01,1966,10,11,USA,NE,Gregg,Olson,210,76,R,R,1988/9/2,1988,22,2001/6/22,,olsog001,olsongr01,12.81,l
josefe01,1965,5,2,D.R.,Distrito Nacional,Felix,Jose,190,73,B,R,1988/9/2,1988,23,2003/9/28,,josef001,josefe01,15.08,l
rochfmi01,1963,3,14,USA,MA,Mike,Rochford,205,76,L,L,1988/9/3,1988,25,1990/4/16,,rochm001,rochfmi01,1.62,s
meyerbr01,1963,1,29,USA,NJ,Brian,Meyer,190,73,R,R,1988/9/3,1988,25,1990/10/2,,meyeb001,meyerbr01,2.08,s
wronari01,1963,12,10,USA,OK,Rick,Wrona,185,73,R,R,1988/9/3,1988,25,1994/7/22,,wronr001,wronari01,5.88,s
hillke01,1965,12,14,USA,MA,Ken,Hill,200,76,R,R,1988/9/3,1988,23,2001/4/18,,hillk001,hillke01,12.63,l
sheffga01,1968,11,18,USA,FL,Gary,Sheffield,190,71,R,R,1988/9/3,1988,20,2009/9/30,,shefg001,sheffga01,21.09,l
brownma03,1963,1,23,USA,OK,Marty,Brown,190,73,R,R,1988/9/4,1988,25,1990/5/30,,browm004,brownma03,1.73,s
blankla02,1963,12,6,USA,OR,Lance,Blankenship,190,72,R,R,1988/9/4,1988,25,1993/8/15,,blanl001,blankla02,4.95,s
harkemi01,1966,10,25,USA,CA,Mike,Harkey,220,77,R,R,1988/9/5,1988,22,1997/9/28,,harkm001,harkemi01,9.07,m
hansoer01,1965,5,18,USA,NJ,Erik,Hanson,210,78,R,R,1988/9/5,1988,23,1998/6/8,,hanse001,hansoer01,9.76,m
wilsotr01,1966,6,7,USA,CA,Trevor,Wilson,190,72,L,L,1988/9/5,1988,22,1998/9/26,,wilst002,wilsotr01,10.06,l
bicheda01,1963,11,18,USA,FL,Dante,Bichette,215,75,R,R,1988/9/5,1988,25,2001/10/6,,bichd001,bicheda01,13.09,l
servisc01,1967,2,26,USA,OH,Scott,Service,230,78,R,R,1988/9/5,1988,21,2004/9/26,,servs001,servisc01,16.07,l
deloslu01,1966,12,29,D.R.,San Cristobal,Luis,de los Santos,205,77,R,R,1988/9/7,1988,22,1991/5/28,,delol001,deloslu01,2.72,s
perezto02,1966,4,20,Mexico,Baja California,Tony,Perezchica,165,71,R,R,1988/9/7,1988,22,1992/5/20,,peret002,perezto02,3.7,s
harrile01,1964,10,28,USA,FL,Lenny,Harris,195,70,L,R,1988/9/7,1988,24,2005/10/2,,harrl001,harrile01,17.08,l
schilcu01,1966,11,14,USA,AK,Curt,Schilling,205,77,R,R,1988/9/7,1988,22,2007/9/25,,schic002,schilcu01,19.06,l
palacre01,1962,11,8,USA,NY,Rey,Palacios,190,70,R,R,1988/9/8,1988,26,1990/9/14,,palar001,palacre01,2.02,s
leema03,1964,7,20,USA,ND,Mark,Lee,198,75,L,L,1988/9/8,1988,24,1995/9/24,,lee-m002,leema03,7.05,m
gordoto01,1967,11,18,USA,FL,Tom,Gordon,160,69,R,R,1988/9/8,1988,21,2009/5/3,,gordt001,gordoto01,20.66,l
dejesjo01,1965,1,6,USA,NY,Jose,de Jesus,175,77,R,R,1988/9/9,1988,23,1994/8/8,,dejej001,dejesjo01,5.92,s
walkemi01,1966,10,4,USA,IL,Mike,Walker,195,74,R,R,1988/9/9,1988,22,1996/7/11,,walkm001,walkemi01,7.84,m
lovelva01,1963,8,9,USA,FL,Vance,Lovelace,205,77,L,L,1988/9/10,1988,25,1990/9/22,,lovev001,lovelva01,2.03,s
lovulto01,1965,7,25,USA,CA,Torey,Lovullo,185,73,B,R,1988/9/10,1988,23,1999/10/3,,lovut001,lovulto01,11.07,l
lampkto01,1964,3,4,USA,OH,Tom,Lampkin,180,71,L,R,1988/9/10,1988,24,2002/9/28,,lampt001,lampkto01,14.06,l
kramera01,1960,9,20,USA,CA,Randy,Kramer,170,74,R,R,1988/9/11,1988,28,1992/6/23,,kramr001,kramera01,3.78,s
hayesch01,1965,5,29,USA,MS,Charlie,Hayes,190,72,R,R,1988/9/11,1988,23,2001/6/27,,hayec001,hayesch01,12.8,l
cookde01,1962,10,4,USA,TX,Dennis,Cook,185,75,L,L,1988/9/12,1988,26,2002/9/18,,cookd001,cookde01,14.02,l
reimeke01,1964,6,28,USA,GA,Kevin,Reimer,215,74,L,R,1988/9/13,1988,24,1993/9/27,,reimk001,reimeke01,5.04,s
harnipe01,1966,9,23,USA,NY,Pete,Harnisch,195,73,B,R,1988/9/13,1988,22,2001/5/7,,harnp001,harnipe01,12.65,l
kreutch01,1964,8,26,USA,CA,Chad,Kreuter,190,74,B,R,1988/9/14,1988,24,2003/4/27,,kreuc001,kreutch01,14.62,l
johnsra05,1963,9,10,USA,CA,Randy,Johnson,225,82,R,L,1988/9/15,1988,25,2009/10/4,,johnr005,johnsra05,21.07,l
wilsost01,1964,12,13,CAN,BC,Steve,Wilson,205,76,L,L,1988/9/16,1988,24,1993/10/2,,wilss001,wilsost01,5.05,s
quintca01,1965,8,26,Venezuela,Miranda,Carlos,Quintana,175,72,R,R,1988/9/16,1988,23,1993/10/3,,quinc001,quintca01,5.05,s
lemkema01,1965,8,13,USA,NY,Mark,Lemke,167,70,B,R,1988/9/17,1988,23,1998/5/25,,lemkm001,lemkema01,9.69,m
milacbo01,1964,7,28,USA,NJ,Bob,Milacki,220,76,R,R,1988/9/18,1988,24,1996/9/21,,milab001,milacbo01,8.01,m
clarkje01,1963,8,10,USA,TX,Jerald,Clark,189,76,R,R,1988/9/19,1988,25,1995/7/17,,clarj002,clarkje01,6.83,m
harrigr02,1963,12,1,USA,NC,Greg,Harris,190,75,R,R,1988/9/19,1988,25,1995/8/2,,harrg002,harrigr02,6.87,m
blankke01,1963,1,26,USA,CA,Kevin,Blankenship,180,72,R,R,1988/9/20,1988,25,1990/6/12,,blank001,blankke01,1.73,s
westda01,1964,9,1,USA,TN,David,West,205,78,L,L,1988/9/24,1988,24,1998/9/4,,westd001,westda01,9.95,m
manzara01,1963,10,17,D.R.,San Pedro de Macoris,Ravelo,Manzanillo,210,72,L,L,1988/9/25,1988,25,1995/5/9,,manzr001,manzara01,6.62,m
alomasa02,1966,6,18,P.R.,,Sandy,Alomar,200,77,R,R,1988/9/30,1988,22,2007/9/30,,aloms001,alomasa02,19.01,l
finlest01,1965,3,12,USA,TN,Steve,Finley,175,74,L,L,1989/4/3,1989,24,2007/6/3,,finls001,finlest01,18.18,l
griffke02,1969,11,21,USA,PA,Ken,Griffey,195,75,L,L,1989/4/3,1989,20,2010/5/31,,grifk002,griffke02,21.17,l
vizquom01,1967,4,24,Venezuela,Distrito Federal,Omar,Vizquel,180,69,B,R,1989/4/3,1989,22,2012/10/3,,vizqo001,vizquom01,23.52,l
waltoje01,1965,7,8,USA,GA,Jerome,Walton,175,73,R,R,1989/4/4,1989,24,1998/5/6,,waltj001,waltoje01,9.09,m
girarjo01,1964,10,14,USA,IL,Joe,Girardi,195,71,R,R,1989/4/4,1989,25,2003/9/28,,giraj001,girarjo01,14.49,l
stephph01,1960,9,19,USA,OK,Phil,Stephenson,195,73,L,L,1989/4/5,1989,29,1992/10/4,,stepp001,stephph01,3.5,s
harrige01,1964,12,5,USA,FL,Gene,Harris,190,71,R,R,1989/4/5,1989,25,1995/6/24,,harrg003,harrige01,6.22,m
berroge01,1965,3,18,D.R.,Distrito Nacional,Geronimo,Berroa,165,72,R,R,1989/4/5,1989,24,2000/5/30,,berrg001,berroge01,11.16,l
rogerke01,1964,11,10,USA,GA,Kenny,Rogers,200,73,L,L,1989/4/6,1989,25,2008/9/14,,rogek001,rogerke01,19.45,l
waynega01,1962,11,30,USA,MI,Gary,Wayne,185,75,L,L,1989/4/7,1989,27,1994/6/3,,wayng001,waynega01,5.16,s
schaeje01,1960,5,31,USA,NY,Jeff,Schaefer,170,70,R,R,1989/4/7,1989,29,1994/6/15,,schaj001,schaeje01,5.19,s
spierbi01,1966,6,5,USA,SC,Bill,Spiers,190,74,L,R,1989/4/7,1989,23,2001/4/8,,spieb001,spierbi01,12.01,l
abbotji01,1967,9,19,USA,MI,Jim,Abbott,200,75,L,L,1989/4/8,1989,22,1999/7/21,,abboj001,abbotji01,10.29,l
yeldier01,1965,2,22,USA,AL,Eric,Yelding,170,71,R,R,1989/4/9,1989,24,1993/10/3,,yelde001,yeldier01,4.49,s
merulma01,1965,8,4,USA,MA,Matt,Merullo,200,74,L,R,1989/4/12,1989,24,1995/9/29,,merum001,merulma01,6.47,m
lillide01,1966,2,20,USA,FL,Derek,Lilliquist,200,72,L,L,1989/4/13,1989,23,1996/9/6,,lilld001,lillide01,7.41,m
anderke01,1963,8,12,USA,SC,Kent,Anderson,180,73,R,R,1989/4/15,1989,26,1990/9/6,,andek001,anderke01,1.39,s
cartest01,1964,12,3,USA,VA,Steve,Carter,201,76,L,R,1989/4/16,1989,25,1990/10/3,,carts001,cartest01,1.47,s
hoilech01,1965,3,20,USA,OH,Chris,Hoiles,195,72,R,R,1989/4/25,1989,24,1998/9/27,,hoilc001,hoilech01,9.43,m
smithdw01,1963,11,8,USA,FL,Dwight,Smith,175,71,L,R,1989/5/1,1989,26,1996/9/29,,smitd003,smithdw01,7.42,m
littogr01,1964,7,13,USA,LA,Greg,Litton,175,72,R,R,1989/5/2,1989,25,1994/8/10,,littg001,littogr01,5.28,s
olivefr01,1963,1,31,P.R.,,Francisco,Oliveras,170,70,R,R,1989/5/3,1989,26,1992/10/3,,olivf001,olivefr01,3.42,s
felixju01,1967,10,3,D.R.,Valverde,Junior,Felix,170,72,B,R,1989/5/3,1989,22,1994/8/11,,felij001,felixju01,5.28,s
freyst01,1963,7,29,USA,PA,Steve,Frey,170,69,R,L,1989/5/10,1989,26,1996/8/2,,freys001,freyst01,7.24,m
gardnma01,1962,3,1,USA,CA,Mark,Gardner,190,73,R,R,1989/5/16,1989,27,2001/10/7,,gardm001,gardnma01,12.4,l
kinzema01,1963,6,17,USA,IN,Matt,Kinzer,210,74,R,R,1989/5/18,1989,26,1990/5/26,,kinzm001,kinzema01,1.02,s
justida01,1966,4,14,USA,OH,David,Justice,195,75,L,L,1989/5/24,1989,23,2002/9/29,,justd001,justida01,13.36,l
schwami01,1964,7,12,USA,IA,Mike,Schwabe,200,76,R,R,1989/5/27,1989,25,1990/7/20,,schwm001,schwami01,1.15,s
nosekra01,1967,1,8,USA,NE,Randy,Nosek,215,76,R,R,1989/5/27,1989,22,1990/10/2,,noser001,nosekra01,1.35,s
hibbagr01,1964,9,13,USA,LA,Greg,Hibbard,180,72,L,L,1989/5/31,1989,25,1994/6/23,,hibbg001,hibbagr01,5.07,s
wettejo01,1966,8,21,USA,CA,John,Wetteland,195,74,R,R,1989/5/31,1989,23,2000/9/20,,wettj001,wettejo01,11.32,l
sandede02,1967,8,9,USA,FL,Deion,Sanders,195,73,L,L,1989/5/31,1989,22,2001/6/14,,sandd001,sandede02,12.05,l
kingje01,1964,12,26,USA,IN,Jeff,King,175,73,R,R,1989/6/2,1989,25,1999/5/21,,kingj001,kingje01,9.97,m
hernaxa01,1965,8,16,USA,TX,Xavier,Hernandez,185,74,L,R,1989/6/4,1989,24,1998/9/26,,hernx001,hernaxa01,9.32,m
appieke01,1967,12,6,USA,CA,Kevin,Appier,180,74,R,R,1989/6/4,1989,22,2004/4/23,,appik001,appieke01,14.9,l
lueckri01,1960,11,15,USA,TX,Rick,Luecken,210,78,R,R,1989/6/6,1989,29,1990/9/29,,luecr001,lueckri01,1.32,s
scuddsc01,1968,2,14,USA,TX,Scott,Scudder,180,74,R,R,1989/6/6,1989,21,1993/5/22,,scuds001,scuddsc01,3.96,s
mcknije01,1963,2,18,USA,AR,Jeff,McKnight,170,72,B,R,1989/6/6,1989,26,1994/8/11,,mcknj001,mcknije01,5.18,s
sosasa01,1968,11,12,D.R.,San Pedro de Macoris,Sammy,Sosa,165,72,R,R,1989/6/16,1989,21,2007/9/29,,sosas001,sosasa01,18.3,l
westomi01,1961,3,26,USA,MI,Mickey,Weston,180,73,R,R,1989/6/18,1989,28,1993/5/9,,westm001,westomi01,3.89,s
navarja01,1967,3,27,P.R.,,Jaime,Navarro,210,76,R,R,1989/6/20,1989,22,2000/7/26,,navaj001,navarja01,11.11,l
olsongr02,1960,9,6,USA,MN,Greg,Olson,200,72,R,R,1989/6/27,1989,29,1993/9/30,,olsog002,olsongr02,4.26,s
dyermi01,1966,9,8,USA,CA,Mike,Dyer,195,75,R,R,1989/6/29,1989,23,1996/9/28,,dyerm001,dyermi01,7.25,m
smithmi05,1963,10,31,USA,TX,Mike,Smith,180,75,R,R,1989/6/30,1989,26,1990/9/30,,smitm003,smithmi05,1.25,s
hetzeer01,1963,9,25,USA,LA,Eric,Hetzel,175,75,R,R,1989/7/1,1989,26,1990/9/13,,hetze001,hetzeer01,1.2,s
veresra01,1965,11,25,USA,CA,Randy,Veres,190,75,R,R,1989/7/1,1989,24,1997/6/23,,verer001,veresra01,7.98,m
tapanke01,1964,2,18,USA,IA,Kevin,Tapani,180,72,R,R,1989/7/4,1989,25,2001/9/27,,tapak001,tapanke01,12.24,l
benjami01,1965,11,22,USA,OH,Mike,Benjamin,195,75,R,R,1989/7/7,1989,24,2002/9/28,,benjm001,benjami01,13.24,l
strando01,1964,4,13,USA,SC,Doug,Strange,170,74,B,R,1989/7/13,1989,25,1998/9/27,,strad002,strando01,9.21,m
richaje01,1965,8,26,USA,NE,Jeff,Richardson,175,74,R,R,1989/7/14,1989,24,1993/5/28,,richj001,richaje01,3.87,s
ritzke01,1965,6,8,USA,NJ,Kevin,Ritz,195,76,R,R,1989/7/15,1989,24,1998/5/16,,ritzk001,ritzke01,8.84,m
belleal01,1966,8,25,USA,LA,Albert,Belle,190,73,R,R,1989/7/15,1989,23,2000/10/1,,bellj002,belleal01,11.22,l
olivejo01,1965,7,24,USA,TN,Joe,Oliver,215,75,R,R,1989/7/15,1989,24,2001/10/6,,olivj001,olivejo01,12.24,l
whitewa02,1964,4,11,USA,LA,Wally,Whitehurst,180,75,R,R,1989/7/17,1989,25,1996/8/29,,whitw001,whitewa02,7.12,m
cabrefr01,1966,10,10,D.R.,Distrito Nacional,Francisco,Cabrera,195,76,R,R,1989/7/24,1989,23,1993/9/24,,cabrf001,cabrefr01,4.17,s
alvarwi01,1970,3,24,Venezuela,Zulia,Wilson,Alvarez,175,73,L,L,1989/7/24,1989,19,2005/9/28,,alvaw001,alvarwi01,16.19,l
guthrma01,1965,9,22,USA,NY,Mark,Guthrie,192,76,R,L,1989/7/25,1989,24,2003/9/28,,guthm001,guthrma01,14.19,l
anthoer01,1967,11,8,USA,CA,Eric,Anthony,195,74,L,L,1989/7/28,1989,22,1997/9/27,,anthe001,anthoer01,8.17,m
olinst01,1965,10,4,USA,OR,Steve,Olin,185,75,R,R,1989/7/29,1989,24,1992/10/4,,olins001,olinst01,3.19,s
hillgl01,1965,3,22,USA,CA,Glenallen,Hill,210,75,R,R,1989/7/31,1989,24,2001/5/31,,hillg001,hillgl01,11.84,l
swanru01,1964,1,3,USA,CA,Russ,Swan,210,76,L,L,1989/8/3,1989,25,1994/4/30,,swanr001,swanru01,4.74,s
huffmi01,1963,8,11,USA,HI,Mike,Huff,180,73,R,R,1989/8/7,1989,26,1996/7/4,,huffm001,huffmi01,6.91,m
gozzoma01,1966,3,7,USA,CT,Mauro,Gozzo,210,74,R,R,1989/8/8,1989,23,1994/8/11,,gozzm001,gozzoma01,5.01,s
wickake01,1965,1,4,USA,IA,Kevin,Wickander,202,74,L,L,1989/8/10,1989,24,1996/6/12,,wickk001,wickake01,6.84,m
vaughgr01,1965,7,3,USA,CA,Greg,Vaughn,195,72,R,R,1989/8/10,1989,24,2003/7/10,,vaugg001,vaughgr01,13.92,l
benesan01,1967,8,20,USA,IN,Andy,Benes,235,78,R,R,1989/8/11,1989,22,2002/9/29,,benea001,benesan01,13.14,l
rosebo01,1967,3,15,USA,CA,Bobby,Rose,170,71,R,R,1989/8/12,1989,22,1992/5/19,,roseb001,rosebo01,2.77,s
walkela01,1966,12,1,CAN,BC,Larry,Walker,185,74,L,R,1989/8/16,1989,23,2005/10/2,,walkl001,walkela01,16.14,l
batesbi01,1963,12,7,USA,TX,Billy,Bates,155,67,L,R,1989/8/17,1989,26,1990/10/2,,bateb001,batesbi01,1.13,s
zeileto01,1965,9,9,USA,CA,Todd,Zeile,190,73,R,R,1989/8/18,1989,24,2004/10/3,,zeilt001,zeileto01,15.14,l
ortonjo01,1965,12,8,USA,CA,John,Orton,195,73,R,R,1989/8/20,1989,24,1993/7/4,,ortoj001,ortonjo01,3.87,s
wilkide01,1966,8,24,USA,IL,Dean,Wilkins,170,73,R,R,1989/8/21,1989,23,1991/8/9,,wilkd001,wilkide01,1.97,s
grissma02,1967,4,17,USA,GA,Marquis,Grissom,190,71,R,R,1989/8/22,1989,22,2005/7/31,,grism001,grissma02,15.95,l
meulehe01,1967,6,23,Curacao,,Hensley,Meulens,200,76,R,R,1989/8/23,1989,22,1998/5/14,,meulh001,meulehe01,8.73,m
stantmi02,1967,6,2,USA,TX,Mike,Stanton,190,73,L,L,1989/8/24,1989,22,2007/9/30,,stanm003,stantmi02,18.11,l
halech01,1964,12,2,USA,CA,Chip,Hale,190,71,L,R,1989/8/27,1989,25,1997/5/4,,halec001,halech01,7.69,m
rodriro02,1969,7,8,Mexico,Sinaloa,Rosario,Rodriguez,185,72,R,L,1989/9/1,1989,20,1991/10/4,,rodrr003,rodriro02,2.09,s
blowemi01,1965,4,24,Germany,,Mike,Blowers,190,74,R,R,1989/9/1,1989,24,1999/10/3,,blowm001,blowemi01,10.09,l
webstle01,1965,2,10,USA,LA,Lenny,Webster,185,69,R,R,1989/9/1,1989,24,2000/9/23,,websl001,webstle01,11.07,l
palmede01,1968,12,27,USA,FL,Dean,Palmer,175,73,R,R,1989/9/1,1989,21,2003/5/9,,palmd002,palmede01,13.69,l
fettemi01,1964,12,19,USA,CA,Mike,Fetters,200,76,R,R,1989/9/1,1989,25,2004/9/16,,fettm001,fettemi01,15.05,l
gonzaju03,1969,10,20,P.R.,,Juan,Gonzalez,175,75,R,R,1989/9/1,1989,20,2005/5/31,,gonzj002,gonzaju03,15.76,l
schulje01,1961,6,2,USA,IN,Jeff,Schulz,190,73,L,R,1989/9/2,1989,28,1991/5/15,,schuj001,schulje01,1.7,s
smithgr01,1967,4,5,USA,MD,Greg,Smith,170,71,B,R,1989/9/2,1989,22,1991/5/24,,smitg001,smithgr01,1.72,s
coolbsc01,1966,6,13,USA,NY,Scott,Coolbaugh,185,70,R,R,1989/9/2,1989,23,1994/8/11,,cools001,coolbsc01,4.94,s
canalge01,1965,8,11,USA,TN,George,Canale,190,73,L,R,1989/9/3,1989,24,1991/10/5,,canag001,canalge01,2.09,s
