player_id,birth_year,birth_month,birth_day,birth_country,birth_state,name_first,name_last,weight,height,bats,throws,debut,debut_year,debut_ages,final_game,retired_year,retro_id,bbref_id,career_year,career_def
olerujo01,1968,8,5,USA,WA,John,Olerud,205,77,L,L,1989/9/3,1989,21,2005/10/2,,olerj001,olerujo01,16.09,l
mannke01,1967,8,17,USA,CA,Kelly,Mann,215,75,R,R,1989/9/4,1989,22,1990/10/3,,mannk001,mannke01,1.08,s
mcelrch01,1967,10,1,USA,TX,Chuck,McElroy,160,72,L,L,1989/9/4,1989,22,2001/10/7,,mcelc001,mcelrch01,12.1,l
combspa01,1966,10,29,USA,RI,Pat,Combs,200,75,L,L,1989/9/5,1989,23,1992/7/7,,combp001,combspa01,2.84,s
wilsocr01,1964,11,28,USA,MD,Craig,Wilson,175,71,R,R,1989/9/6,1989,25,1993/9/29,,wilsc001,wilsocr01,4.07,s
bellju01,1968,3,29,D.R.,San Pedro de Macoris,Juan,Bell,172,71,R,R,1989/9/6,1989,21,1995/8/25,,bellj003,bellju01,5.97,s
mcdonbe01,1967,11,24,USA,LA,Ben,McDonald,212,79,R,R,1989/9/6,1989,22,1997/7/16,,mcdob001,mcdonbe01,7.86,m
munozmi01,1965,7,12,USA,CA,Mike,Munoz,190,74,L,L,1989/9/6,1989,24,2000/4/26,,munom001,munozmi01,10.64,l
allrebe01,1965,6,4,USA,AZ,Beau,Allred,190,72,L,L,1989/9/7,1989,24,1991/6/25,,allrb001,allrebe01,1.8,s
barfijo01,1964,10,15,USA,AR,John,Barfield,195,73,L,L,1989/9/7,1989,25,1991/8/1,,barfj002,barfijo01,1.9,s
machaju01,1965,12,1,Venezuela,Zulia,Julio,Machado,165,69,R,R,1989/9/7,1989,24,1991/10/6,,machj001,machaju01,2.08,s
seaneru01,1968,10,20,USA,CA,Rudy,Seanez,185,70,R,R,1989/9/7,1989,21,2008/9/28,,seanr001,seaneru01,19.07,l
sorrepa01,1965,11,17,USA,MA,Paul,Sorrento,195,74,L,R,1989/9/8,1989,24,1999/10/2,,sorrp001,sorrepa01,10.07,l
belinst01,1966,8,6,USA,PA,Stan,Belinda,185,75,R,R,1989/9/8,1989,23,2000/9/3,,belis001,belinst01,10.99,l
grimsja01,1967,8,7,USA,TX,Jason,Grimsley,180,75,R,R,1989/9/8,1989,22,2006/5/31,,grimj001,grimsja01,16.74,l
hemonsc01,1965,11,18,USA,MA,Scott,Hemond,205,72,R,R,1989/9/9,1989,24,1995/9/29,,hemos001,hemonsc01,6.06,m
jorgete01,1966,9,2,USA,WI,Terry,Jorgensen,208,76,R,R,1989/9/10,1989,23,1993/10/1,,jorgt001,jorgete01,4.06,s
hartlmi01,1961,8,31,USA,CA,Mike,Hartley,192,73,R,R,1989/9/10,1989,28,1995/9/24,,hartm002,hartlmi01,6.04,m
greento01,1967,4,6,USA,NC,Tommy,Greene,225,77,R,R,1989/9/10,1989,22,1997/7/4,,greet001,greento01,7.82,m
fletcda01,1966,10,3,USA,IL,Darrin,Fletcher,195,74,L,R,1989/9/10,1989,23,2002/7/16,,fletd001,fletcda01,12.85,l
vizcajo01,1968,3,26,D.R.,San Cristobal,Jose,Vizcaino,150,73,B,R,1989/9/10,1989,21,2006/10/1,,vizcj001,vizcajo01,17.07,l
edwarwa01,1964,3,7,USA,CA,Wayne,Edwards,185,77,L,L,1989/9/11,1989,25,1991/5/25,,edwaw001,edwarwa01,1.7,s
venturo01,1967,7,14,USA,CA,Robin,Ventura,185,73,L,R,1989/9/12,1989,22,2004/10/2,,ventr001,venturo01,15.07,l
densodr01,1965,11,16,USA,OH,Drew,Denson,210,77,B,R,1989/9/13,1989,24,1993/10/3,,densd001,densodr01,4.06,s
howitda01,1964,2,13,USA,MI,Dann,Howitt,205,77,L,R,1989/9/15,1989,25,1994/7/7,,howid001,howitda01,4.81,s
beattbl01,1964,4,25,USA,TX,Blaine,Beatty,185,74,L,L,1989/9/16,1989,25,1991/9/30,,beatb001,beattbl01,2.04,s
merckke01,1968,2,1,USA,OH,Kent,Mercker,175,73,L,L,1989/9/22,1989,21,2008/5/30,,merck001,merckke01,18.7,l
disarga01,1967,11,19,USA,MA,Gary,Disarcina,170,73,R,R,1989/9/23,1989,22,2000/5/8,,disag001,disarga01,10.63,l
rohdeda01,1964,5,8,USA,CA,Dave,Rohde,180,74,B,R,1990/4/9,1990,26,1992/5/22,,rohdd001,rohdeda01,2.12,s
layanti01,1964,3,2,USA,CA,Tim,Layana,195,74,R,R,1990/4/9,1990,26,1993/7/26,,layat001,layanti01,3.3,s
ruskisc01,1963,6,8,USA,FL,Scott,Ruskin,185,74,R,L,1990/4/9,1990,27,1993/9/16,,rusks001,ruskisc01,3.44,s
radinsc01,1968,3,3,USA,CA,Scott,Radinsky,190,75,L,L,1990/4/9,1990,22,2001/10/5,,radis001,radinsc01,11.5,l
deshide01,1969,1,15,USA,DE,Delino,DeShields,170,73,L,R,1990/4/9,1990,21,2002/8/8,,deshd001,deshide01,12.34,l
sampebi01,1963,1,18,USA,IL,Bill,Sampen,185,73,R,R,1990/4/10,1990,27,1994/5/9,,sampb002,sampebi01,4.08,s
knackbr01,1969,8,1,USA,CA,Brent,Knackert,185,75,R,R,1990/4/10,1990,21,1996/6/4,,knacb001,knackbr01,6.16,m
bohanbr01,1968,8,1,USA,TX,Brian,Bohanon,210,74,L,L,1990/4/10,1990,22,2001/8/17,,bohab001,bohanbr01,11.36,l
gundeer01,1966,3,29,USA,OR,Eric,Gunderson,175,72,R,L,1990/4/11,1990,24,2000/5/17,,gunde001,gundeer01,10.11,l
blairwi01,1965,12,18,USA,KY,Willie,Blair,185,73,R,R,1990/4/11,1990,25,2001/7/26,,blaiw001,blairwi01,11.3,l
bordimi01,1965,7,21,USA,MI,Mike,Bordick,170,71,R,R,1990/4/11,1990,25,2003/9/28,,bordm001,bordimi01,13.47,l
kieckda01,1961,2,25,USA,MN,Dana,Kiecker,180,75,R,R,1990/4/12,1990,29,1991/10/1,,kiecd001,kieckda01,1.47,s
hollida01,1966,5,25,USA,NY,Dave,Hollins,195,73,B,R,1990/4/12,1990,24,2002/9/25,,holld001,hollida01,12.46,l
grebecr01,1964,12,29,USA,PA,Craig,Grebeck,160,68,R,R,1990/4/13,1990,26,2001/6/2,,grebc001,grebecr01,11.15,l
wapnist01,1965,9,25,USA,CA,Steve,Wapnick,200,74,R,R,1990/4/14,1990,25,1991/10/4,,wapns001,wapnist01,1.47,s
millsal01,1966,10,18,USA,FL,Alan,Mills,190,73,R,R,1990/4/14,1990,24,2001/10/5,,milla001,millsal01,11.48,l
baergca01,1968,11,4,P.R.,,Carlos,Baerga,165,71,B,R,1990/4/14,1990,22,2005/9/30,,baerc001,baergca01,15.47,l
hernaca01,1967,5,24,Venezuela,Bolivar,Carlos,Hernandez,185,71,R,R,1990/4/20,1990,23,2000/10/1,,hernc001,hernaca01,10.46,l
grosski01,1964,8,24,USA,NE,Kip,Gross,195,74,R,R,1990/4/21,1990,26,2000/5/29,,grosk002,grosski01,10.11,l
irvinda01,1964,11,15,USA,VA,Daryl,Irvine,195,75,R,R,1990/4/28,1990,26,1992/9/28,,irvid001,irvinda01,2.42,s
carrch02,1967,8,10,USA,CA,Chuck,Carr,155,70,B,R,1990/4/28,1990,23,1997/9/27,,carrc001,carrch02,7.42,m
mccraro01,1963,9,13,USA,MI,Rodney,McCray,175,70,R,R,1990/4/30,1990,27,1992/5/11,,mccrr001,mccraro01,2.03,s
shawje01,1966,7,7,USA,OH,Jeff,Shaw,185,74,R,R,1990/4/30,1990,24,2001/10/6,,shawj001,shawje01,11.44,l
reedda01,1965,10,16,USA,CA,Darren,Reed,190,73,R,R,1990/5/1,1990,25,1992/9/30,,reedd001,reedda01,2.42,s
shumpte01,1966,8,16,USA,KY,Terry,Shumpert,190,71,R,R,1990/5/1,1990,24,2003/9/28,,shumt001,shumpte01,13.42,l
bellmi01,1968,4,22,USA,NY,Mike,Bell,175,73,L,L,1990/5/2,1990,22,1991/10/6,,bellm001,bellmi01,1.43,s
parkeri01,1963,3,20,USA,MO,Rick,Parker,185,72,R,R,1990/5/4,1990,27,1996/8/30,,parkr001,parkeri01,6.33,m
seguida01,1966,7,19,USA,KS,David,Segui,170,73,B,L,1990/5/8,1990,24,2004/9/8,,segud001,seguida01,14.35,l
goffje01,1964,4,12,USA,CA,Jerry,Goff,205,75,L,R,1990/5/15,1990,26,1996/5/12,,goffj001,goffje01,6,m
hundlto01,1969,5,27,USA,VA,Todd,Hundley,170,71,B,R,1990/5/18,1990,21,2003/9/27,,hundt001,hundlto01,13.37,l
boskish01,1967,3,28,USA,NV,Shawn,Boskie,205,75,R,R,1990/5/20,1990,23,1998/7/18,,bosks001,boskish01,8.17,m
sprinst01,1961,2,11,USA,CA,Steve,Springer,190,72,R,R,1990/5/22,1990,29,1992/8/25,,spris001,sprinst01,2.26,s
vatchji01,1965,5,27,USA,CA,Jim,Vatcher,165,69,R,R,1990/5/30,1990,25,1992/10/4,,vatcj001,vatchji01,2.35,s
villahe01,1964,10,2,P.R.,,Hector,Villanueva,220,73,R,R,1990/6/1,1990,26,1993/6/13,,villh001,villahe01,3.04,s
mantoje01,1964,8,23,USA,PA,Jeff,Manto,210,75,R,R,1990/6/7,1990,26,2000/4/20,,mantj001,mantoje01,9.88,m
leyriji01,1963,12,27,USA,OH,Jim,Leyritz,190,72,R,R,1990/6/8,1990,27,2000/9/13,,leyrj001,leyriji01,10.27,l
nabhoch01,1967,1,5,USA,PA,Chris,Nabholz,210,77,L,L,1990/6/11,1990,23,1995/8/8,,nabhc001,nabhoch01,5.16,s
averyst01,1970,4,14,USA,MI,Steve,Avery,180,76,L,L,1990/6/13,1990,20,2003/7/20,,avers001,averyst01,13.11,l
ortizja01,1963,1,22,USA,MA,Javier,Ortiz,220,76,R,R,1990/6/15,1990,27,1991/10/6,,ortij002,ortizja01,1.31,s
pooleji02,1966,4,28,USA,NY,Jim,Poole,190,74,L,L,1990/6/15,1990,24,2000/6/1,,poolj001,pooleji02,9.97,m
ericksc01,1968,2,2,USA,CA,Scott,Erickson,220,76,R,R,1990/6/25,1990,22,2006/6/8,,erics001,ericksc01,15.96,l
merceor01,1966,11,2,P.R.,,Orlando,Merced,180,72,B,R,1990/6/27,1990,24,2003/9/28,,merco002,merceor01,13.26,l
maaske01,1965,1,20,USA,CA,Kevin,Maas,195,75,L,L,1990/6/29,1990,25,1995/6/20,,maask001,maaske01,4.98,s
nagych01,1967,5,5,USA,CT,Charles,Nagy,200,75,L,R,1990/6/29,1990,23,2003/6/1,,nagyc001,nagych01,12.93,l
rodriri02,1963,3,1,USA,CA,Rich,Rodriguez,185,70,L,L,1990/6/30,1990,27,2003/5/3,,rodrr004,rodriri02,12.85,l
howarth01,1964,12,11,USA,OH,Thomas,Howard,200,74,B,R,1990/7/3,1990,26,2000/10/1,,howat001,howarth01,10.25,l
harrire01,1968,8,12,USA,VA,Reggie,Harris,180,73,R,R,1990/7/4,1990,22,1999/8/15,,harrr001,harrire01,9.12,m
frymatr01,1969,3,25,USA,KY,Travis,Fryman,180,73,R,R,1990/7/7,1990,21,2002/9/29,,frymt001,frymatr01,12.24,l
whitema01,1966,11,25,USA,FL,Mark,Whiten,210,75,B,R,1990/7/12,1990,24,2000/5/11,,whitm001,whitema01,9.84,m
youngcl01,1964,8,2,USA,TX,Cliff,Young,200,76,L,L,1990/7/14,1990,26,1993/7/24,,younc002,youngcl01,3.03,s
sojolu01,1965,1,3,Venezuela,Distrito Federal,Luis,Sojo,172,71,R,R,1990/7/14,1990,25,2003/9/28,,sojol001,sojolu01,13.22,l
naehrti01,1967,2,1,USA,OH,Tim,Naehring,190,74,R,R,1990/7/15,1990,23,1997/6/23,,naeht001,naehrti01,6.95,m
stevele01,1967,7,10,USA,MO,Lee,Stevens,205,76,L,L,1990/7/16,1990,23,2002/9/27,,stevl001,stevele01,12.21,l
hammoch01,1966,1,21,USA,GA,Chris,Hammond,190,73,L,L,1990/7/16,1990,24,2006/6/29,,hammc001,hammoch01,15.96,l
azocaos01,1965,2,21,Venezuela,Sucre,Oscar,Azocar,170,73,L,L,1990/7/17,1990,25,1992/10/4,,azoco001,azocaos01,2.22,s
canseoz01,1964,7,2,Cuba,La Habana,Ozzie,Canseco,220,74,R,R,1990/7/18,1990,26,1993/5/13,,canso001,canseoz01,2.82,s
leonama01,1964,8,14,USA,CA,Mark,Leonard,195,73,L,R,1990/7/21,1990,26,1995/10/1,,leonm001,leonama01,5.2,s
leitema01,1963,4,13,USA,IL,Mark,Leiter,200,75,R,R,1990/7/24,1990,27,2001/10/7,,leitm001,leitema01,11.21,l
aloumo01,1966,7,3,USA,GA,Moises,Alou,185,75,R,R,1990/7/26,1990,24,2008/6/10,,aloum001,aloumo01,17.89,l
brownke03,1966,3,5,USA,CA,Kevin,Brown,185,73,L,L,1990/7/27,1990,24,1992/4/8,,browk003,brownke03,1.7,s
coleal01,1965,8,17,USA,NC,Alex,Cole,170,74,L,L,1990/7/27,1990,25,1996/5/22,,colea001,coleal01,5.82,s
novoara01,1967,10,26,USA,NY,Rafael,Novoa,180,72,L,L,1990/7/31,1990,23,1993/10/3,,novor001,novoara01,3.18,s
rojasme01,1966,12,10,D.R.,San Cristobal,Mel,Rojas,175,71,R,R,1990/8/1,1990,24,1999/7/1,,rojam001,rojasme01,8.92,m
fernaal01,1969,8,13,USA,FL,Alex,Fernandez,200,74,R,R,1990/8/2,1990,21,2000/5/18,,ferna001,fernaal01,9.8,m
thomafr04,1968,5,27,USA,GA,Frank,Thomas,240,77,R,R,1990/8/2,1990,22,2008/8/29,,thomf001,thomafr04,18.09,l
grahejo01,1967,8,14,USA,FL,Joe,Grahe,196,73,R,R,1990/8/4,1990,23,1999/10/1,,grahj001,grahejo01,9.16,m
tomlira01,1966,6,14,USA,MD,Randy,Tomlin,179,71,L,L,1990/8/6,1990,24,1994/5/20,,tomlr001,tomlira01,3.79,s
rhodeka01,1968,8,21,USA,OH,Tuffy,Rhodes,175,72,L,L,1990/8/7,1990,22,1995/6/8,,rhodk001,rhodeka01,4.84,s
mcraebr01,1967,8,27,USA,FL,Brian,McRae,175,72,B,R,1990/8/7,1990,23,1999/10/3,,mcrab001,mcraebr01,9.16,m
valdeef01,1966,7,11,D.R.,Peravia,Efrain,Valdez,180,71,L,L,1990/8/13,1990,24,1998/7/10,,valde001,valdeef01,7.91,m
macdobo01,1965,4,27,USA,NJ,Bob,Macdonald,200,75,L,L,1990/8/14,1990,25,1996/6/7,,macdr001,macdoro01,5.82,s
yorkmi01,1964,9,6,USA,IL,Mike,York,187,73,R,R,1990/8/17,1990,26,1991/8/16,,yorkm001,yorkmi01,1,s
olivaom01,1967,7,6,P.R.,,Omar,Olivares,185,73,R,R,1990/8/18,1990,23,2001/9/28,,olivo001,olivaom01,11.12,l
telfoan01,1966,3,6,USA,CA,Anthony,Telford,175,72,R,R,1990/8/19,1990,24,2002/7/15,,telfa001,telfoan01,11.91,l
offerjo01,1968,11,8,D.R.,San Pedro de Macoris,Jose,Offerman,150,72,B,R,1990/8/19,1990,22,2005/10/2,,offej001,offerjo01,15.13,l
martiti02,1967,12,7,USA,FL,Tino,Martinez,205,74,L,R,1990/8/20,1990,23,2005/10/2,,martt002,martiti02,15.13,l
pavlada01,1962,8,12,Germany,,Dave,Pavlas,180,79,R,R,1990/8/21,1990,28,1996/9/29,,pavld001,pavlada01,6.11,m
plantph01,1969,1,27,USA,NH,Phil,Plantier,175,72,L,R,1990/8/21,1990,21,1997/9/28,,planp001,plantph01,7.11,m
lewisda01,1967,8,28,USA,CA,Darren,Lewis,180,72,R,R,1990/8/21,1990,23,2002/7/30,,lewid001,lewisda01,11.95,l
abbotpa01,1967,9,15,USA,CA,Paul,Abbott,185,75,R,R,1990/8/21,1990,23,2004/8/7,,abbop001,abbotpa01,13.97,l
lankfra01,1967,6,5,USA,CA,Ray,Lankford,180,71,L,L,1990/8/21,1990,23,2004/10/3,,lankr001,lankfra01,14.13,l
deweyma01,1965,1,3,USA,MI,Mark,Dewey,185,72,R,R,1990/8/24,1990,25,1996/9/29,,dewem001,deweyma01,6.1,m
chambwe01,1966,4,13,USA,IL,Wes,Chamberlain,210,74,R,R,1990/8/31,1990,24,1995/6/7,,chamw001,chambwe01,4.77,s
munozpe01,1968,9,19,P.R.,,Pedro,Munoz,170,71,R,R,1990/9/1,1990,22,1996/6/1,,munop001,munozpe01,5.75,s
valerju01,1968,10,13,P.R.,,Julio,Valera,185,74,R,R,1990/9/1,1990,22,1996/7/26,,valej001,valerju01,5.9,s
moranmi01,1966,4,22,USA,PA,Mickey,Morandini,170,71,L,R,1990/9/1,1990,24,2000/10/1,,moram001,moranmi01,10.09,l
holmeda01,1966,4,25,USA,NC,Darren,Holmes,199,72,R,R,1990/9/1,1990,24,2003/9/27,,holmd001,holmeda01,13.08,l
mcclepa01,1966,2,3,USA,CA,Paul,McClellan,180,74,R,R,1990/9/2,1990,24,1991/10/6,,mcclp001,mcclepa01,1.09,s
cedenan01,1969,8,21,D.R.,La Romana,Andujar,Cedeno,170,73,R,R,1990/9/2,1990,21,1996/9/15,,cedea001,cedenan01,6.04,m
osunaal01,1965,8,10,USA,CA,Al,Osuna,200,75,R,L,1990/9/2,1990,25,1996/9/27,,osuna001,osunaal01,6.07,m
baezke01,1967,1,10,USA,NY,Kevin,Baez,160,72,R,R,1990/9/3,1990,23,1993/10/3,,baezk001,baezke01,3.08,s
mcintti01,1965,3,21,USA,MN,Tim,McIntosh,195,71,R,R,1990/9/3,1990,25,1996/6/12,,mcint001,mcintti01,5.78,s
leiussc01,1965,9,24,USA,NY,Scott,Leius,180,75,R,R,1990/9/3,1990,25,1999/7/3,,leius001,leiussc01,8.84,m
haselbi01,1966,5,25,USA,NJ,Bill,Haselman,205,75,R,R,1990/9/3,1990,24,2003/9/27,,haseb001,haselbi01,13.07,l
quinlto01,1968,3,27,USA,MN,Tom,Quinlan,200,75,R,R,1990/9/4,1990,22,1996/4/6,,quint001,quinlto01,5.59,s
gilkebe01,1966,9,24,USA,MO,Bernard,Gilkey,170,72,R,R,1990/9/4,1990,24,2001/10/7,,gilkb001,gilkebe01,11.1,l
gonzalu01,1967,9,3,USA,FL,Luis,Gonzalez,180,74,L,R,1990/9/4,1990,23,2008/9/28,,gonzl001,gonzalu01,18.08,l
chitrst01,1967,6,8,Japan,,Steve,Chitren,180,72,R,R,1990/9/5,1990,23,1991/10/2,,chits001,chitrst01,1.07,s
chiamsc01,1966,8,22,USA,CA,Scott,Chiamparino,190,74,R,R,1990/9/5,1990,24,1992/10/2,,chias001,chiamsc01,2.08,s
brewero01,1966,2,24,USA,FL,Rod,Brewer,210,75,L,L,1990/9/5,1990,24,1993/10/3,,brewr001,brewero01,3.08,s
penage01,1967,3,29,D.R.,Distrito Nacional,Geronimo,Pena,170,73,B,R,1990/9/5,1990,23,1996/9/29,,penag001,penage01,6.07,m
perezmi01,1964,10,19,P.R.,,Mike,Perez,185,72,R,R,1990/9/5,1990,26,1997/8/17,,perem002,perezmi01,6.95,m
coopesc01,1967,10,13,USA,MO,Scott,Cooper,200,75,L,R,1990/9/5,1990,23,1997/9/28,,coops001,coopesc01,7.07,m
simmsmi01,1967,1,12,USA,CA,Mike,Simms,185,76,R,R,1990/9/5,1990,23,1999/10/3,,simmm001,simmsmi01,9.08,m
fariepa01,1965,2,20,USA,CA,Paul,Faries,165,70,R,R,1990/9/6,1990,25,1993/9/26,,farip001,fariepa01,3.06,s
cuylemi01,1968,10,7,USA,GA,Milt,Cuyler,175,70,B,R,1990/9/6,1990,22,1998/9/27,,cuylm001,cuylemi01,8.06,m
mayde01,1968,7,14,USA,NY,Derrick,May,210,76,L,R,1990/9/6,1990,22,1999/10/3,,may-d001,mayde01,9.08,m
rowlari01,1964,2,25,USA,CA,Rich,Rowland,210,73,R,R,1990/9/7,1990,26,1995/6/19,,rowlr001,rowlari01,4.78,s
gardimi01,1965,10,19,CAN,ON,Mike,Gardiner,185,72,B,R,1990/9/8,1990,25,1995/7/2,,gardm002,gardimi01,4.82,s
delucri01,1964,10,7,USA,PA,Rich,DeLucia,185,72,R,R,1990/9/8,1990,26,1999/5/28,,delur001,delucri01,8.72,m
burbada01,1966,7,7,USA,OH,Dave,Burba,220,76,R,R,1990/9/8,1990,24,2004/9/19,,burbd001,burbada01,14.04,l
alexage01,1968,3,26,USA,LA,Gerald,Alexander,190,71,R,R,1990/9/9,1990,22,1992/6/30,,alexg001,alexage01,1.81,s
casiala01,1965,10,28,USA,CA,Larry,Casian,170,72,R,L,1990/9/9,1990,25,1998/5/18,,casil001,casiala01,7.69,m
aldresc01,1968,6,12,USA,MI,Scott,Aldred,195,76,L,L,1990/9/9,1990,22,2000/5/29,,aldrs001,aldresc01,9.73,m
wardtu01,1965,4,11,USA,FL,Turner,Ward,200,74,B,R,1990/9/10,1990,25,2001/7/27,,wardt001,wardtu01,10.88,l
melenjo01,1965,9,2,P.R.,,Jose,Melendez,175,74,R,R,1990/9/11,1990,25,1994/8/9,,melej001,melenjo01,3.91,s
lopezlu01,1964,9,1,USA,NY,Luis,Lopez,190,73,R,R,1990/9/14,1990,26,1991/10/6,,lopel001,lopezlu01,1.06,s
barnebr01,1967,3,25,USA,NC,Brian,Barnes,170,69,L,L,1990/9/14,1990,23,1994/7/1,,barnb001,barnebr01,3.8,s
maldoca02,1966,10,18,Panama,,Carlos,Maldonado,175,74,R,R,1990/9/16,1990,24,1993/10/3,,maldc002,maldoca02,3.05,s
hanseda01,1968,11,24,USA,CA,Dave,Hansen,180,72,L,R,1990/9/16,1990,22,2005/10/2,,hansd001,hanseda01,15.05,l
coninje01,1966,6,27,USA,WA,Jeff,Conine,205,73,R,R,1990/9/16,1990,24,2007/9/30,,conij001,coninje01,17.05,l
gomezle02,1966,3,2,P.R.,,Leo,Gomez,180,72,R,R,1990/9/17,1990,24,1996/9/29,,gomel001,gomezle02,6.04,m
berryse01,1966,3,22,USA,CA,Sean,Berry,200,71,R,R,1990/9/17,1990,24,2000/7/24,,berrs001,berryse01,9.86,m
minutgi01,1964,5,23,USA,DE,Gino,Minutelli,180,72,L,L,1990/9/18,1990,26,1993/9/9,,minug001,minutgi01,2.98,s
deckest01,1965,10,25,USA,IL,Steve,Decker,205,75,R,R,1990/9/18,1990,25,1999/10/1,,decks001,deckest01,9.04,m
garceri01,1971,5,18,Venezuela,Aragua,Rich,Garces,250,72,R,R,1990/9/18,1990,19,2002/7/20,,garcr001,garceri01,11.84,l
maynebr01,1968,4,19,USA,CA,Brent,Mayne,195,73,L,R,1990/9/18,1990,22,2004/10/2,,maynb001,maynebr01,14.05,l
stephra01,1962,9,22,USA,TX,Ray,Stephens,190,72,R,R,1990/9/20,1990,28,1992/10/3,,stepr001,stephra01,2.04,s
garcica01,1967,10,15,Venezuela,,Carlos,Garcia,185,73,R,R,1990/9/20,1990,23,1999/4/15,,garcc001,garcica01,8.57,m
lewissc01,1965,12,5,USA,OR,Scott,Lewis,190,75,R,R,1990/9/25,1990,25,1994/7/22,,lewis001,lewissc01,3.82,s
kileda01,1968,12,2,USA,CA,Darryl,Kile,185,77,R,R,1991/4/8,1991,23,2002/6/18,,kiled001,kileda01,11.2,l
bagweje01,1968,5,27,USA,MA,Jeff,Bagwell,195,72,R,R,1991/4/8,1991,23,2005/10/2,,bagwj001,bagweje01,14.5,l
timlimi01,1966,3,10,USA,TX,Mike,Timlin,205,76,R,R,1991/4/8,1991,25,2008/9/28,,timlm001,timlimi01,17.49,l
simondo01,1966,9,15,USA,CA,Doug,Simons,160,72,L,L,1991/4/9,1991,25,1992/9/24,,simod001,simondo01,1.46,s
scottga01,1968,8,22,USA,NY,Gary,Scott,175,72,R,R,1991/4/9,1991,23,1992/10/3,,scotg001,scottga01,1.49,s
schoupe01,1969,5,10,USA,TX,Pete,Schourek,195,77,L,L,1991/4/9,1991,22,2001/7/25,,schop001,schoupe01,10.3,l
knoblch01,1968,7,7,USA,TX,Chuck,Knoblauch,175,69,R,R,1991/4/9,1991,23,2002/9/27,,knobc001,knoblch01,11.48,l
slocuhe01,1966,6,7,USA,NY,Heathcliff,Slocumb,180,75,R,R,1991/4/11,1991,25,2000/9/26,,sloch001,slocuhe01,9.47,m
slusajo01,1966,12,19,USA,IN,Joe,Slusarski,195,76,R,R,1991/4/11,1991,25,2001/6/21,,slusj001,slusajo01,10.2,l
bouchde01,1968,3,7,CAN,QC,Denis,Boucher,195,73,R,L,1991/4/12,1991,23,1994/5/21,,boucd001,bouchde01,3.11,s
howarda02,1967,2,26,USA,FL,David,Howard,165,72,B,R,1991/4/14,1991,24,1999/10/1,,howad001,howarda02,8.47,m
drahmbr01,1966,11,7,USA,KY,Brian,Drahman,205,75,R,R,1991/4/16,1991,25,1994/7/5,,drahb001,drahmbr01,3.22,s
briscjo01,1967,9,22,USA,IL,John,Briscoe,185,75,R,R,1991/4/18,1991,24,1996/5/21,,brisj001,briscjo01,5.1,s
pappaer01,1966,4,25,USA,IL,Erik,Pappas,190,72,R,R,1991/4/19,1991,25,1994/4/30,,pappe001,pappaer01,3.03,s
jonesch05,1965,12,16,USA,NY,Chris,Jones,200,74,R,R,1991/4/21,1991,26,2000/7/29,,jonec002,jonesch05,9.28,m
magnami01,1965,6,17,USA,CA,Mike,Magnante,180,73,L,L,1991/4/22,1991,26,2002/7/29,,magnm001,magnami01,11.28,l
lewisma01,1969,11,30,USA,OH,Mark,Lewis,190,73,R,R,1991/4/26,1991,22,2001/5/30,,lewim001,lewisma01,10.1,l
giannra01,1966,2,5,USA,NY,Ray,Giannelli,195,72,L,R,1991/5/4,1991,25,1995/10/1,,gianr001,giannra01,4.41,s
fasseje01,1963,1,5,USA,IL,Jeff,Fassero,180,73,L,L,1991/5/4,1991,28,2006/5/7,,fassj001,fasseje01,15.02,l
beckro01,1968,8,3,USA,CA,Rod,Beck,215,73,R,R,1991/5/6,1991,23,2004/8/14,,beckr001,beckro01,13.28,l
scanlbo01,1966,8,9,USA,CA,Bob,Scanlan,215,79,R,R,1991/5/7,1991,25,2001/9/29,,scanb001,scanlbo01,10.41,l
spraged02,1967,7,25,USA,CA,Ed,Sprague,215,74,R,R,1991/5/7,1991,24,2001/10/7,,sprae001,spraged02,10.43,l
donnech01,1966,4,21,USA,CA,Chris,Donnels,185,72,L,R,1991/5/7,1991,25,2002/9/29,,donnc001,donnech01,11.41,l
wardke01,1961,9,28,USA,PA,Kevin,Ward,195,73,R,R,1991/5/10,1991,30,1992/10/4,,wardk001,wardke01,1.41,s
waltobr01,1962,12,25,USA,CA,Bruce,Walton,195,74,R,R,1991/5/11,1991,29,1994/7/4,,waltb001,waltobr01,3.15,s
benavfr01,1966,4,7,USA,TX,Freddie,Benavides,180,74,R,R,1991/5/14,1991,25,1994/8/11,,benaf001,benavfr01,3.25,s
jeffere01,1968,9,25,USA,FL,Reggie,Jefferson,210,76,B,L,1991/5/18,1991,23,1999/10/3,,jeffr001,jeffere01,8.38,m
taubeed01,1968,10,31,USA,TX,Ed,Taubensee,205,76,L,R,1991/5/18,1991,23,2001/10/7,,taube001,taubeed01,10.4,l
kellypa03,1967,10,14,USA,PA,Pat,Kelly,180,72,R,R,1991/5/20,1991,24,1999/6/5,,kellp001,kellypa03,8.05,m
carrima01,1963,2,24,Mexico,Sinaloa,Matias,Carrillo,185,71,L,L,1991/5/23,1991,28,1994/8/10,,carrm002,carrima01,3.22,s
motajo01,1965,3,16,D.R.,Distrito Nacional,Jose,Mota,155,69,B,R,1991/5/24,1991,26,1995/6/2,,motaj001,motajo01,4.03,s
amarari01,1962,4,1,USA,CA,Rich,Amaral,175,72,R,R,1991/5/27,1991,29,2000/6/14,,amarr001,amarari01,9.06,m
landrce01,1963,9,3,USA,AL,Ced,Landrum,165,69,L,R,1991/5/28,1991,28,1993/9/25,,landc001,landrce01,2.33,s
newsowa01,1964,7,3,USA,GA,Warren,Newson,190,67,L,L,1991/5/29,1991,27,1998/9/27,,newsw001,newsowa01,7.34,m
garcira03,1969,2,9,Venezuela,Portuguesa,Ramon,Garcia,200,74,R,R,1991/5/31,1991,22,1997/9/26,,garcr002,garcira03,6.33,m
huntebr01,1968,3,4,USA,CA,Brian,Hunter,195,72,R,L,1991/5/31,1991,23,2000/10/1,,huntb001,huntebr01,9.35,m
johnsje02,1966,8,4,USA,NC,Jeff,Johnson,200,75,R,L,1991/6/5,1991,25,1993/6/12,,johnj004,johnsje02,2.02,s
wilkiri01,1967,6,4,USA,FL,Rick,Wilkins,210,74,L,R,1991/6/6,1991,24,2001/10/3,,wilkr001,wilkiri01,10.33,l
guzmaju01,1966,10,28,D.R.,Distrito Nacional,Juan,Guzman,190,71,R,R,1991/6/7,1991,25,2000/4/7,,guzmj003,guzmaju01,8.84,m
guzmajo02,1971,1,21,D.R.,Monte Cristi,Johnny,Guzman,155,70,R,L,1991/6/8,1991,20,1992/6/28,,guzmj002,guzmajo02,1.06,s
amaroru02,1965,2,12,USA,PA,Ruben,Amaro,170,70,B,R,1991/6/8,1991,26,1998/9/27,,amarr002,amaroru02,7.31,m
petkoma01,1965,11,18,USA,TX,Mark,Petkovsek,185,72,R,R,1991/6/8,1991,26,2001/10/4,,petkm001,petkoma01,10.33,l
ashbyan01,1967,7,11,USA,MO,Andy,Ashby,180,73,R,R,1991/6/10,1991,24,2004/9/14,,ashba002,ashbyan01,13.27,l
gratema01,1964,1,19,USA,PA,Mark,Grater,205,70,R,R,1991/6/12,1991,27,1993/5/21,,gratm001,gratema01,1.94,s
jonesca01,1963,9,26,USA,CA,Calvin,Jones,185,75,R,R,1991/6/14,1991,28,1992/10/1,,jonec003,jonesca01,1.3,s
mutisje01,1966,12,20,USA,PA,Jeff,Mutis,185,74,L,L,1991/6/15,1991,25,1994/7/31,,mutij001,mutisje01,3.13,s
remlimi01,1966,3,23,USA,NY,Mike,Remlinger,195,72,L,L,1991/6/15,1991,25,2006/6/22,,remlm001,remlimi01,15.03,l
rodrica01,1967,11,1,Mexico,Distrito Federal,Carlos,Rodriguez,160,69,B,R,1991/6/16,1991,24,1995/10/1,,rodrc001,rodrica01,4.3,s
barbebr01,1967,8,16,USA,CA,Bret,Barberie,185,71,B,R,1991/6/16,1991,24,1996/6/22,,barbb001,barbebr01,5.02,s
kamiesc01,1964,4,19,USA,MI,Scott,Kamieniecki,195,72,R,R,1991/6/18,1991,27,2000/10/1,,kamis001,kamiesc01,9.3,m
rodriiv01,1971,11,27,P.R.,,Ivan,Rodriguez,205,69,R,R,1991/6/20,1991,20,2011/9/28,,rodri001,rodriiv01,20.29,l
mathete01,1964,10,5,USA,LA,Terry,Mathews,200,74,L,R,1991/6/21,1991,27,1999/8/11,,matht001,mathete01,8.15,m
haneych01,1968,11,16,USA,MD,Chris,Haney,185,75,L,L,1991/6/21,1991,23,2002/8/18,,hanec001,haneych01,11.17,l
scottti01,1966,11,16,USA,CA,Tim,Scott,185,74,R,R,1991/6/25,1991,25,1997/7/2,,scott002,scottti01,6.02,m
vaughmo01,1967,12,15,USA,CT,Mo,Vaughn,225,73,L,R,1991/6/27,1991,24,2003/5/2,,vaugm001,vaughmo01,11.85,l
castifr01,1969,4,1,USA,TX,Frank,Castillo,180,73,R,R,1991/6/27,1991,22,2005/5/26,,castf001,castifr01,13.92,l
bellde01,1968,12,11,USA,FL,Derek,Bell,200,74,R,R,1991/6/28,1991,23,2001/7/3,,belld001,bellde01,10.02,l
meachru01,1968,1,27,USA,FL,Rusty,Meacham,155,75,R,R,1991/6/29,1991,23,2001/6/20,,meacr001,meachru01,9.98,m
brownja03,1967,3,26,USA,IL,Jarvis,Brown,165,67,R,R,1991/7/2,1991,24,1995/10/1,,browj002,brownja03,4.25,s
austiji02,1963,12,7,USA,VA,Jim,Austin,200,74,R,R,1991/7/4,1991,28,1993/7/20,,austj001,austiji02,2.05,s
martich01,1965,12,19,Belize,,Chito,Martinez,180,70,L,L,1991/7/5,1991,26,1993/4/20,,martc003,martich01,1.79,s
mauseti01,1966,10,4,USA,TX,Tim,Mauser,185,72,R,R,1991/7/7,1991,25,1995/5/5,,maust001,mauseti01,3.83,s
willibe02,1968,9,13,P.R.,,Bernie,Williams,180,74,B,R,1991/7/7,1991,23,2006/10/1,,willb002,willibe02,15.25,l
servasc01,1967,6,4,USA,WI,Scott,Servais,195,74,R,R,1991/7/12,1991,24,2001/9/21,,servs002,servasc01,10.2,l
henrydo01,1963,12,10,USA,CA,Doug,Henry,185,76,R,R,1991/7/15,1991,28,2001/10/3,,henrd002,henrydo01,10.23,l
wehnejo01,1967,6,29,USA,PA,John,Wehner,205,75,R,R,1991/7/17,1991,24,2001/7/27,,wehnj001,wehnejo01,10.04,l
spehrti01,1966,7,2,USA,MO,Tim,Spehr,205,74,R,R,1991/7/18,1991,25,1999/9/28,,speht001,spehrti01,8.2,m
campbke01,1964,12,6,USA,AR,Kevin,Campbell,225,74,R,R,1991/7/19,1991,27,1995/5/13,,campk001,campbke01,3.82,s
livinsc01,1965,7,15,USA,TX,Scott,Livingstone,190,72,L,R,1991/7/19,1991,26,1998/9/26,,livis001,livinsc01,7.19,m
bowenry01,1968,2,10,USA,CA,Ryan,Bowen,185,72,R,R,1991/7/22,1991,23,1995/10/1,,bower001,bowenry01,4.2,s
mitchke02,1969,8,6,USA,CA,Keith,Mitchell,180,70,R,R,1991/7/23,1991,22,1998/9/27,,mitck002,mitchke02,7.19,m
hickebr01,1963,10,13,USA,MN,Bryan,Hickerson,195,74,L,L,1991/7/25,1991,28,1995/9/23,,hickb001,hickebr01,4.17,s
kielyjo01,1964,10,4,USA,MA,John,Kiely,210,75,R,R,1991/7/26,1991,27,1993/5/2,,kielj001,kielyjo01,1.77,s
neaglde01,1968,9,13,USA,MD,Denny,Neagle,200,76,L,L,1991/7/27,1991,23,2003/7/20,,neagd001,neaglde01,11.99,l
humphmi01,1967,4,10,USA,TX,Mike,Humphreys,185,72,R,R,1991/7/29,1991,24,1993/10/3,,humpm001,humphmi01,2.18,s
millepa01,1965,4,27,USA,WI,Paul,Miller,215,77,R,R,1991/7/30,1991,26,1993/9/28,,millp001,millepa01,2.17,s
jonesst02,1967,5,26,USA,AL,Stacy,Jones,225,78,R,R,1991/7/30,1991,24,1996/9/29,,jones001,jonesst02,5.17,s
bankswi01,1969,2,27,USA,NJ,Willie,Banks,190,73,R,R,1991/7/31,1991,22,2002/9/26,,bankw001,bankswi01,11.16,l
hillmi01,1965,8,22,USA,GA,Milt,Hill,180,72,R,R,1991/8/1,1991,26,1994/7/16,,hillm002,hillmi01,2.96,s
weathda01,1969,9,25,USA,TN,David,Weathers,205,75,R,R,1991/8/2,1991,22,2009/10/3,,weatd001,weathda01,18.18,l
wainhda01,1967,11,7,CAN,ON,Dave,Wainhouse,190,74,L,R,1991/8/3,1991,24,2000/4/27,,waind001,wainhda01,8.74,m
mussimi01,1968,12,8,USA,PA,Mike,Mussina,185,74,L,R,1991/8/4,1991,23,2008/9/28,,mussm001,mussimi01,17.16,l
youngan01,1966,1,19,USA,TX,Anthony,Young,200,74,R,R,1991/8/5,1991,25,1996/6/19,,youna001,youngan01,4.88,s
flemida01,1969,11,7,USA,NY,Dave,Fleming,200,75,L,L,1991/8/6,1991,22,1995/9/30,,flemd001,flemida01,4.15,s
brosisc01,1966,8,15,USA,OR,Scott,Brosius,200,73,R,R,1991/8/7,1991,25,2001/10/6,,bross001,brosisc01,10.17,l
eusebto01,1967,4,27,D.R.,San Pedro de Macoris,Tony,Eusebio,180,74,R,R,1991/8/8,1991,24,2001/10/7,,euset001,eusebto01,10.17,l
sanfomo01,1966,12,24,USA,GA,Mo,Sanford,220,78,R,R,1991/8/9,1991,25,1995/6/6,,sanfm001,sanfomo01,3.83,s
hernajo01,1969,7,14,P.R.,,Jose,Hernandez,180,73,R,R,1991/8/9,1991,22,2006/10/1,,hernj001,hernajo01,15.16,l
fajarhe01,1970,11,16,Mexico,Michihoacan,Hector,Fajardo,185,76,R,R,1991/8/10,1991,21,1995/6/18,,fajah001,fajarhe01,3.86,s
pulliha01,1967,10,20,USA,CA,Harvey,Pulliam,210,72,R,R,1991/8/10,1991,24,1997/9/28,,pullh001,pulliha01,6.14,m
bonesri01,1969,4,7,P.R.,,Ricky,Bones,200,70,R,R,1991/8/11,1991,22,2001/10/5,,boner001,bonesri01,10.16,l
reynoar02,1966,5,1,Mexico,San Luis Potosi,Armando,Reynoso,186,72,R,R,1991/8/11,1991,25,2002/9/29,,reyna001,reynoar02,11.14,l
cronch01,1964,3,31,USA,NM,Chris,Cron,200,74,R,R,1991/8/15,1991,27,1992/10/4,,cronc001,cronch01,1.14,s
cormirh01,1967,4,23,CAN,NB,Rheal,Cormier,185,70,L,L,1991/8/15,1991,24,2007/4/18,,cormr001,cormirh01,15.68,l
wohlema01,1970,1,23,USA,MA,Mark,Wohlers,207,76,R,R,1991/8/17,1991,21,2002/9/28,,wohlm001,wohlema01,11.12,l
castibr01,1968,5,13,D.R.,Elias Pina,Braulio,Castillo,160,72,R,R,1991/8/18,1991,23,1992/10/4,,castb001,castibr01,1.13,s
rhodear01,1969,10,24,USA,TX,Arthur,Rhodes,220,74,L,L,1991/8/21,1991,22,2011/9/27,,rhoda001,rhodear01,20.12,l
fostest01,1966,8,16,USA,TX,Steve,Foster,180,72,R,R,1991/8/22,1991,25,1993/6/26,,fosts001,fostest01,1.85,s
ignasmi01,1966,3,12,USA,MI,Mike,Ignasiak,175,71,B,R,1991/8/22,1991,25,1995/8/21,,ignam001,ignasmi01,4,s
sandere02,1967,12,1,USA,SC,Reggie,Sanders,180,72,R,R,1991/8/22,1991,24,2007/7/29,,sandr002,sandere02,15.95,l
heredgi01,1965,10,26,USA,AZ,Gil,Heredia,190,73,R,R,1991/9/1,1991,26,2001/9/19,,hereg001,heredgi01,10.06,l
karroer01,1967,11,4,USA,NJ,Eric,Karros,205,76,R,R,1991/9/1,1991,24,2004/7/21,,karre001,karroer01,12.9,l
goodwto01,1968,7,27,USA,CA,Tom,Goodwin,165,73,L,R,1991/9/1,1991,23,2004/9/30,,goodt001,goodwto01,13.09,l
castivi02,1967,7,4,Mexico,Oaxaca,Vinny,Castilla,175,73,R,R,1991/9/1,1991,24,2006/9/28,,castv001,castivi02,15.08,l
hernaje02,1966,7,6,USA,CA,Jeremy,Hernandez,195,77,R,R,1991/9/2,1991,25,1995/9/27,,hernj002,hernaje02,4.07,s
zoskyed01,1968,2,10,USA,CA,Eddie,Zosky,175,72,R,R,1991/9/2,1991,23,2000/10/1,,zoske001,zoskyed01,9.09,m
hernaro01,1964,11,11,P.R.,,Roberto,Hernandez,220,76,R,R,1991/9/2,1991,27,2007/9/25,,hernr001,hernaro01,16.07,l
brantcl01,1968,4,12,USA,NY,Cliff,Brantley,190,74,R,R,1991/9/3,1991,23,1992/9/28,,branc001,brantcl01,1.07,s
beltres01,1967,12,26,D.R.,San Pedro de Macoris,Esteban,Beltre,155,70,R,R,1991/9/3,1991,24,1996/6/5,,belte001,beltres01,4.76,s
bullesc01,1968,12,25,USA,WV,Scott,Bullett,200,74,L,L,1991/9/3,1991,23,1996/9/29,,bulls001,bullesc01,5.08,s
hentgpa01,1968,11,13,USA,MI,Pat,Hentgen,210,74,R,R,1991/9/3,1991,23,2004/7/21,,hentp001,hentgpa01,12.89,l
woodte01,1967,1,4,USA,OH,Ted,Wood,170,74,L,L,1991/9/4,1991,24,1993/4/22,,woodt002,woodte01,1.63,s
brosste01,1966,3,30,USA,TX,Terry,Bross,234,81,R,R,1991/9/4,1991,25,1993/9/14,,brost001,brosste01,2.03,s
harrido01,1967,11,12,USA,TX,Donald,Harris,185,73,R,R,1991/9/4,1991,24,1993/10/2,,harrd001,harrido01,2.08,s
thomeji01,1970,8,27,USA,IL,Jim,Thome,250,76,L,R,1991/9/4,1991,21,2012/10/3,,thomj002,thomeji01,21.1,l
johnsjo06,1967,3,8,USA,PA,Joel,Johnston,218,77,R,R,1991/9/5,1991,24,1995/5/12,,johnj005,johnsjo06,3.68,s
horsmvi01,1967,3,9,CAN,NS,Vince,Horsman,175,74,R,L,1991/9/5,1991,24,1995/5/13,,horsv001,horsmvi01,3.69,s
knorrra01,1968,11,12,USA,CA,Randy,Knorr,205,74,R,R,1991/9/5,1991,23,2001/9/9,,knorr001,knorrra01,10.02,l
farismo01,1967,10,13,USA,OK,Monty,Fariss,180,76,R,R,1991/9/6,1991,24,1993/6/1,,farim001,farismo01,1.74,s
haresh01,1967,3,26,USA,MO,Shawn,Hare,190,74,L,L,1991/9/6,1991,24,1995/6/17,,hares001,haresh01,3.78,s
manueba01,1965,8,12,USA,LA,Barry,Manuel,175,71,R,R,1991/9/6,1991,26,1998/8/8,,manub001,manueba01,6.93,m
clarkma01,1968,5,12,USA,IL,Mark,Clark,225,77,R,R,1991/9/6,1991,23,2000/7/1,,clarm002,clarkma01,8.82,m
vandejo02,1966,4,29,USA,MI,John,Vander Wal,180,73,L,L,1991/9/6,1991,25,2004/9/27,,vandj001,vandejo02,13.07,l
pedrejo01,1966,10,12,USA,CA,Jorge,Pedre,210,71,R,R,1991/9/7,1991,25,1992/9/28,,pedrj001,pedrejo01,1.06,s
zupcibo01,1966,8,18,USA,PA,Bob,Zupcic,220,76,R,R,1991/9/7,1991,25,1994/8/4,,zupcb001,zupcibo01,2.91,s
maurero01,1967,1,7,USA,IN,Rob,Maurer,200,75,L,L,1991/9/8,1991,24,1992/10/4,,maurr001,maurero01,1.07,s
haasda01,1965,10,19,USA,MO,Dave,Haas,200,73,R,R,1991/9/8,1991,26,1993/6/13,,haasd001,haasda01,1.76,s
mercelu01,1968,2,15,D.R.,San Pedro de Macoris,Luis,Mercedes,180,72,R,R,1991/9/8,1991,23,1993/9/23,,mercl001,mercelu01,2.04,s
batiski01,1968,3,15,USA,LA,Kim,Batiste,175,72,R,R,1991/9/8,1991,23,1996/9/28,,batik002,batiski01,5.06,s
sanchre01,1967,10,5,P.R.,,Rey,Sanchez,180,70,R,R,1991/9/8,1991,24,2005/6/8,,sancr001,sanchre01,13.76,l
gardnje01,1964,2,4,USA,CA,Jeff,Gardner,165,71,L,R,1991/9/10,1991,27,1994/5/4,,gardj001,gardnje01,2.65,s
chrismi02,1963,11,3,USA,VA,Mike,Christopher,205,77,R,R,1991/9/10,1991,28,1996/5/11,,chrim001,chrismi02,4.67,s
abbotky01,1968,2,18,USA,MA,Kyle,Abbott,200,76,L,L,1991/9/10,1991,23,1996/8/24,,abbok001,abbotky01,4.96,s
corbiar01,1967,12,30,USA,TX,Archie,Corbin,190,76,R,R,1991/9/10,1991,24,1999/7/29,,corba001,corbiar01,7.89,m
royerst01,1967,8,31,USA,IL,Stan,Royer,195,75,R,R,1991/9/11,1991,24,1994/7/22,,royes001,royerst01,2.86,s
tackeje01,1965,12,1,USA,CA,Jeff,Tackett,200,74,R,R,1991/9/11,1991,26,1994/8/2,,tackj001,tackeje01,2.89,s
rossyri01,1964,2,16,P.R.,,Rico,Rossy,175,70,R,R,1991/9/11,1991,27,1998/9/27,,rossr001,rossyri01,7.05,m
vanpoto01,1971,12,9,USA,IL,Todd,Van Poppel,210,77,R,R,1991/9/11,1991,20,2004/10/2,,vanpt001,vanpoto01,13.07,l
krameto01,1968,1,9,USA,OH,Tom,Kramer,185,72,B,R,1991/9/12,1991,23,1993/9/21,,kramt001,krameto01,2.03,s
kirbywa01,1964,1,22,USA,VA,Wayne,Kirby,185,71,L,R,1991/9/12,1991,27,1998/7/17,,kirbw001,kirbywa01,6.85,m
loftoke01,1967,5,31,USA,IN,Kenny,Lofton,180,72,L,L,1991/9/14,1991,24,2007/9/29,,loftk001,loftoke01,16.05,l
howarch01,1966,2,27,USA,CA,Chris,Howard,200,74,R,R,1991/9/15,1991,25,1994/8/10,,howac001,howarch01,2.9,s
lennopa01,1968,4,27,USA,NC,Pat,Lennon,200,74,R,R,1991/9/15,1991,23,1999/6/1,,lennp001,lennopa01,7.72,m
judenje01,1971,1,19,USA,MA,Jeff,Juden,245,79,R,R,1991/9/15,1991,20,1999/10/3,,judej001,judenje01,8.05,m
willibr01,1969,2,15,USA,SC,Brian,Williams,205,75,R,R,1991/9/16,1991,22,2000/7/5,,willb001,willibr01,8.81,m
housiwa01,1965,5,20,USA,VA,Wayne,Housie,165,69,B,R,1991/9/17,1991,26,1993/6/9,,housw001,housiwa01,1.73,s
claytro01,1970,1,2,USA,CA,Royce,Clayton,175,72,R,R,1991/9/20,1991,21,2007/9/30,,clayr001,claytro01,16.04,l
eldreca01,1967,11,24,USA,IA,Cal,Eldred,215,76,R,R,1991/9/24,1991,24,2005/10/1,,eldrc001,eldreca01,14.03,l
florake01,1969,6,10,USA,CA,Kevin,Flora,180,72,R,R,1991/9/27,1991,22,1995/9/29,,flork001,florake01,4.01,s
perezyo01,1967,9,30,D.R.,San Cristobal,Yorkis,Perez,180,72,L,L,1991/9/30,1991,24,2002/9/10,,perey001,perezyo01,10.95,l
wedgeer01,1968,1,27,USA,IN,Eric,Wedge,215,75,R,R,1991/10/5,1991,23,1994/7/29,,wedge001,wedgeer01,2.82,s
manzajo01,1967,10,16,D.R.,San Pedro de Macoris,Josias,Manzanillo,190,72,R,R,1991/10/5,1991,24,2004/9/22,,manzj001,manzajo01,12.98,l
lindsdo01,1967,9,22,USA,TX,Doug,Lindsey,200,74,R,R,1991/10/6,1991,24,1993/10/2,,lindd001,lindsdo01,1.99,s
colbecr01,1965,2,13,USA,IA,Craig,Colbert,190,72,R,R,1992/4/6,1992,27,1993/9/29,,colbc001,colbecr01,1.48,s
pattejo01,1967,2,11,USA,FL,John,Patterson,160,69,B,R,1992/4/6,1992,25,1995/9/26,,pattj001,pattejo01,3.47,s
brumfja01,1965,5,27,USA,LA,Jacob,Brumfield,170,72,R,R,1992/4/6,1992,27,1999/9/30,,brumj001,brumfja01,7.49,m
doherjo02,1967,6,11,USA,NY,John,Doherty,190,76,R,R,1992/4/8,1992,25,1996/4/15,,dohej001,doherjo02,4.02,s
trlicri01,1969,4,26,USA,TX,Ricky,Trlicek,200,75,R,R,1992/4/8,1992,23,1997/6/11,,trlir001,trlicri01,5.18,s
listapa01,1967,9,12,USA,LA,Pat,Listach,170,69,B,R,1992/4/8,1992,25,1997/6/29,,listp001,listapa01,5.23,s
cianfar01,1966,10,6,USA,NY,Archi,Cianfrocco,200,77,R,R,1992/4/8,1992,26,1998/9/26,,ciana001,cianfar01,6.47,m
curtich01,1968,11,6,USA,IN,Chad,Curtis,175,70,R,R,1992/4/8,1992,24,2001/9/30,,curtc001,curtich01,9.48,m
jordabr01,1967,3,29,USA,MD,Brian,Jordan,205,73,R,R,1992/4/8,1992,25,2006/9/30,,jordb001,jordabr01,14.49,l
suerowi01,1966,11,7,D.R.,Distrito Nacional,William,Suero,175,69,R,R,1992/4/9,1992,26,1993/7/19,,suerw001,suerowi01,1.28,s
mcnamji01,1965,6,10,USA,NH,Jim,McNamara,210,76,L,R,1992/4/9,1992,27,1993/7/28,,mcnaj001,mcnamji01,1.3,s
riverbe01,1968,1,11,D.R.,San Pedro de Macoris,Ben,Rivera,210,78,R,R,1992/4/9,1992,24,1994/7/31,,riveb001,riverbe01,2.31,s
henrybu01,1968,10,7,USA,TX,Butch,Henry,195,73,L,L,1992/4/9,1992,24,1999/9/10,,henrb001,henrybu01,7.42,m
osbordo01,1969,6,21,USA,CA,Donovan,Osborne,195,74,B,L,1992/4/9,1992,23,2004/5/15,,osbod001,osbordo01,12.11,l
stankan01,1964,8,10,USA,CA,Andy,Stankiewicz,165,69,R,R,1992/4/11,1992,28,1998/9/23,,stana001,stankan01,6.45,m
batismi01,1971,2,19,D.R.,Distrito Nacional,Miguel,Batista,210,73,R,R,1992/4/11,1992,21,2012/9/11,,batim001,batismi01,20.43,l
groteje02,1965,12,8,USA,CA,Jeff,Grotewold,215,72,L,R,1992/4/12,1992,27,1995/7/4,,grotj001,groteje02,3.23,s
bransje01,1967,1,26,USA,MS,Jeff,Branson,180,72,L,R,1992/4/12,1992,25,2001/10/6,,branj002,bransje01,9.49,m
mahompa01,1970,8,9,USA,TX,Pat,Mahomes,175,73,R,R,1992/4/12,1992,22,2003/8/26,,mahop001,mahompa01,11.38,l
flahejo01,1967,10,21,USA,NY,John,Flaherty,195,73,R,R,1992/4/12,1992,25,2005/10/1,,flahj001,flahejo01,13.48,l
kentje01,1968,3,7,USA,CA,Jeff,Kent,185,73,R,R,1992/4/12,1992,24,2008/9/27,,kentj001,kentje01,16.47,l
nelsoje01,1966,11,17,USA,MD,Jeff,Nelson,225,80,R,R,1992/4/16,1992,26,2006/6/2,,nelsj001,nelsoje01,14.14,l
sprinru01,1968,11,7,USA,LA,Russ,Springer,195,76,R,R,1992/4/17,1992,24,2010/8/4,,sprir001,sprinru01,18.31,l
pichahi01,1969,8,22,D.R.,Valverde,Hipolito,Pichardo,160,73,R,R,1992/4/21,1992,23,2002/5/7,,pichh001,pichahi01,10.05,l
mercehe01,1969,7,23,D.R.,Distrito Nacional,Henry,Mercedes,185,71,R,R,1992/4/22,1992,23,1997/9/21,,merch001,mercehe01,5.42,s
levisje01,1968,4,14,USA,PA,Jesse,Levis,180,69,L,R,1992/4/24,1992,24,2001/10/7,,levij001,levisje01,9.46,m
silveda01,1967,9,29,USA,MO,Dave,Silvestri,180,72,R,R,1992/4/27,1992,25,1999/5/16,,silvd001,silveda01,7.05,m
pavliro01,1967,10,4,USA,TX,Roger,Pavlik,220,75,R,R,1992/5/2,1992,25,1998/4/23,,pavlr001,pavliro01,5.98,s
ariasal01,1967,11,20,USA,NY,Alex,Arias,185,75,R,R,1992/5/12,1992,25,2002/9/22,,ariaa001,ariasal01,10.37,l
rebouje01,1964,4,30,USA,OH,Jeff,Reboulet,167,72,R,R,1992/5/12,1992,28,2003/9/27,,reboj001,rebouje01,11.38,l
scarsst01,1966,4,11,USA,CA,Steve,Scarsone,170,74,R,R,1992/5/15,1992,26,1999/9/8,,scars001,scarsst01,7.32,m
knudsku01,1967,2,20,USA,IL,Kurt,Knudsen,185,74,R,R,1992/5/16,1992,25,1994/6/4,,knudk001,knudsku01,2.05,s
brinkbr01,1965,1,20,USA,CA,Brad,Brink,195,74,R,R,1992/5/17,1992,27,1994/7/19,,brinb001,brinkbr01,2.17,s
hillmer01,1966,4,27,USA,IN,Eric,Hillman,235,82,L,L,1992/5/18,1992,26,1994/5/30,,hille001,hillmer01,2.03,s
nilssda01,1969,12,14,Australia,Queensland,Dave,Nilsson,185,75,L,R,1992/5/18,1992,23,1999/10/3,,nilsd001,nilssda01,7.38,m
clarkph02,1968,5,6,USA,TX,Phil,Clark,180,72,R,R,1992/5/27,1992,24,1996/4/30,,clarp001,clarkph02,3.93,s
bulliji01,1965,8,21,USA,LA,Jim,Bullinger,185,74,R,R,1992/5/27,1992,27,1998/4/7,,bullj001,bulliji01,5.87,s
stairma01,1968,2,27,CAN,NB,Matt,Stairs,200,69,L,R,1992/5/29,1992,24,2011/7/22,,staim001,stairma01,19.16,l
neeltr01,1965,9,14,USA,TX,Troy,Neel,210,76,L,R,1992/5/30,1992,27,1994/8/11,,neelt001,neeltr01,2.2,s
seminfr01,1967,5,16,USA,NY,Frank,Seminara,205,74,R,R,1992/6/2,1992,25,1994/6/5,,semif001,seminfr01,2.01,s
mcginru01,1963,6,18,USA,KS,Russ,McGinnis,225,75,R,R,1992/6/3,1992,29,1995/5/9,,mcgir001,mcginru01,2.93,s
youngpe02,1968,3,19,USA,MS,Pete,Young,225,72,R,R,1992/6/5,1992,24,1993/7/18,,younp001,youngpe02,1.12,s
marshto01,1965,12,27,USA,OH,Tom,Marsh,180,74,R,R,1992/6/5,1992,27,1995/9/29,,marst001,marshto01,3.32,s
ayraubo01,1966,4,27,USA,CA,Bob,Ayrault,230,76,R,R,1992/6/7,1992,26,1993/7/25,,ayrab001,ayraubo01,1.13,s
hurstjo01,1966,10,20,USA,NY,Jonathan,Hurst,175,75,R,R,1992/6/9,1992,26,1994/4/21,,hursj001,hurstjo01,1.87,s
tuckeed01,1966,11,18,USA,MS,Eddie,Tucker,205,74,R,R,1992/6/14,1992,26,1995/6/24,,tucke001,tuckeed01,3.03,s
groombu01,1965,7,10,USA,TX,Buddy,Groom,200,74,L,L,1992/6/20,1992,27,2005/9/24,,groob001,groombu01,13.27,l
menento01,1965,2,20,Cuba,La Habana,Tony,Menendez,190,74,R,R,1992/6/22,1992,27,1994/5/31,,menet001,menento01,1.94,s
peltida01,1968,6,30,USA,NY,Dan,Peltier,200,73,L,L,1992/6/26,1992,24,1996/7/17,,peltd001,peltida01,4.06,s
pennywi01,1968,5,25,USA,NJ,Will,Pennyfeather,195,74,R,R,1992/6/27,1992,24,1994/4/17,,pennw001,pennywi01,1.81,s
kosloke01,1966,9,24,USA,IL,Kevin,Koslofski,165,68,L,R,1992/6/28,1992,26,1996/7/7,,koslk001,kosloke01,4.03,s
willimi03,1968,7,29,USA,VA,Mike,Williams,190,74,R,R,1992/6/30,1992,24,2003/9/28,,willm005,willimi03,11.25,l
astacpe01,1968,11,28,D.R.,Hato Mayor,Pedro,Astacio,174,74,R,R,1992/7/3,1992,24,2006/9/27,,astap001,astacpe01,14.24,l
rodrihe02,1967,11,8,D.R.,Distrito Nacional,Henry,Rodriguez,180,73,L,L,1992/7/5,1992,25,2002/5/7,,rodrh001,rodrihe02,9.84,m
butchmi01,1965,5,10,USA,IA,Mike,Butcher,200,73,R,R,1992/7/6,1992,27,1995/9/5,,butcm001,butchmi01,3.17,s
botteke01,1968,11,14,USA,OR,Kent,Bottenfield,225,75,R,R,1992/7/6,1992,24,2001/6/9,,bottk001,botteke01,8.93,m
foxer01,1963,8,15,USA,CA,Eric,Fox,180,70,B,L,1992/7/7,1992,29,1995/7/5,,fox-e001,foxer01,2.99,s
maysema01,1967,1,8,CAN,ON,Matt,Maysey,225,76,R,R,1992/7/8,1992,25,1993/9/28,,maysm001,maysema01,1.22,s
rislebi01,1967,5,29,USA,IL,Bill,Risley,215,74,R,R,1992/7/8,1992,25,1998/9/26,,rislb001,rislebi01,6.22,m
jahajo01,1966,5,27,USA,OR,John,Jaha,195,73,R,R,1992/7/9,1992,26,2001/6/27,,jahaj001,jahajo01,8.97,m
fryeje01,1966,8,31,USA,CA,Jeff,Frye,180,69,R,R,1992/7/9,1992,26,2001/9/20,,fryej001,fryeje01,9.21,m
colbrgr01,1969,7,26,USA,CA,Greg,Colbrunn,190,72,R,R,1992/7/9,1992,23,2004/6/28,,colbg001,colbrgr01,11.98,l
rapppa01,1967,7,13,USA,LA,Pat,Rapp,195,75,R,R,1992/7/10,1992,25,2001/10/6,,rappp001,rapppa01,9.25,m
youngke01,1969,6,16,USA,MI,Kevin,Young,210,75,R,R,1992/7/12,1992,23,2003/6/27,,younk001,youngke01,10.96,l
natalro01,1965,11,13,USA,CA,Rob,Natal,190,71,R,R,1992/7/18,1992,27,1997/9/26,,natab001,natalro01,5.19,s
fortuti01,1962,4,11,USA,MA,Tim,Fortugno,195,73,L,L,1992/7/20,1992,30,1995/7/26,,fortt001,fortuti01,3.02,s
reynosh01,1968,3,26,USA,LA,Shane,Reynolds,210,75,R,R,1992/7/20,1992,24,2004/6/28,,reyns001,reynosh01,11.95,l
quantpa01,1968,11,3,CAN,ON,Paul,Quantrill,175,73,L,R,1992/7/20,1992,24,2005/9/27,,quanp001,quantpa01,13.2,l
cordewi01,1971,10,3,P.R.,,Wil,Cordero,185,74,R,R,1992/7/24,1992,21,2005/7/18,,cordw001,cordewi01,12.99,l
shielto01,1964,8,14,USA,VA,Tommy,Shields,180,72,L,R,1992/7/25,1992,28,1993/10/3,,shiet001,shielto01,1.19,s
diazal01,1968,10,5,USA,NY,Alex,Diaz,175,71,B,R,1992/7/25,1992,24,1999/6/20,,diaza001,diazal01,6.91,m
wagnepa01,1967,11,14,USA,WI,Paul,Wagner,205,75,R,R,1992/7/26,1992,25,1999/5/7,,wagnp001,wagnepa01,6.78,m
valenjo02,1967,2,18,USA,NY,John,Valentin,170,72,R,R,1992/7/27,1992,25,2002/9/29,,valej002,valenjo02,10.18,l
minorbl01,1966,3,20,USA,CA,Blas,Minor,195,75,R,R,1992/7/28,1992,26,1997/7/14,,minob001,minorbl01,4.96,s
cookest01,1970,1,14,USA,HI,Steve,Cooke,220,78,R,L,1992/7/28,1992,22,1998/4/2,,cooks001,cookest01,5.68,s
martial03,1967,11,24,USA,CA,Al,Martin,220,74,L,L,1992/7/28,1992,25,2003/9/21,,marta001,martial03,11.16,l
prattto02,1967,2,9,USA,NE,Todd,Pratt,195,75,R,R,1992/7/29,1992,25,2006/9/27,,pratt001,prattto02,14.17,l
younger01,1967,5,18,USA,NJ,Eric,Young,180,69,R,R,1992/7/30,1992,25,2006/9/19,,youne001,younger01,14.15,l
lewisri01,1966,1,25,USA,IN,Richie,Lewis,175,66,R,R,1992/7/31,1992,26,1998/6/4,,lewir001,lewisri01,5.85,s
wakefti01,1966,8,2,USA,FL,Tim,Wakefield,210,74,R,R,1992/7/31,1992,26,2011/9/25,,waket001,wakefti01,19.16,l
voigtja01,1966,5,17,USA,FL,Jack,Voigt,170,73,R,R,1992/8/3,1992,26,1998/7/27,,voigj001,voigtja01,5.98,s
lintodo01,1965,2,9,USA,CA,Doug,Linton,185,73,R,R,1992/8/3,1992,27,2003/4/18,,lintd001,lintodo01,10.71,l
whitema02,1967,8,8,USA,MO,Matt,Whiteside,185,72,R,R,1992/8/5,1992,25,2005/5/7,,whitm002,whitema02,12.76,l
bartosh01,1963,5,14,USA,CA,Shawn,Barton,195,75,R,L,1992/8/6,1992,29,1996/9/6,,barts001,bartosh01,4.09,s
brognri01,1970,4,18,USA,MA,Rico,Brogna,205,74,L,L,1992/8/8,1992,22,2001/7/16,,brogr001,brognri01,8.94,m
hulseda01,1968,2,25,USA,TX,David,Hulse,170,71,L,L,1992/8/11,1992,24,1996/9/7,,hulsd001,hulseda01,4.08,s
easleda01,1969,11,11,USA,NY,Damion,Easley,155,71,R,R,1992/8/13,1992,23,2008/9/28,,easld001,easleda01,16.14,l
lakerti01,1969,11,27,USA,CA,Tim,Laker,185,74,R,R,1992/8/18,1992,23,2006/6/18,,laket001,lakerti01,13.84,l
trombmi01,1967,4,14,USA,MA,Mike,Trombley,200,74,R,R,1992/8/19,1992,25,2002/5/27,,tromm001,trombmi01,9.78,m
boonebr01,1969,4,6,USA,CA,Bret,Boone,180,70,R,R,1992/8/19,1992,23,2005/7/30,,boonb002,boonebr01,12.95,l
salmoti01,1968,8,24,USA,CA,Tim,Salmon,200,75,R,R,1992/8/21,1992,24,2006/10/1,,salmt001,salmoti01,14.12,l
wickmbo01,1969,2,6,USA,WI,Bob,Wickman,207,73,R,R,1992/8/24,1992,23,2007/9/30,,wickb001,wickmbo01,15.11,l
hoseyst01,1969,4,2,USA,CA,Steve,Hosey,215,75,R,R,1992/8/29,1992,23,1993/9/15,,hoses001,hoseyst01,1.05,s
reedst01,1965,3,11,USA,CA,Steve,Reed,200,74,R,R,1992/8/30,1992,27,2005/7/5,,reeds001,reedst01,12.85,l
ryanke01,1968,10,24,USA,RI,Ken,Ryan,200,75,R,R,1992/8/31,1992,24,1999/5/15,,ryank001,ryanke01,6.71,m
niedda01,1968,12,22,USA,TX,David,Nied,175,74,R,R,1992/9/1,1992,24,1996/9/27,,niedd001,niedda01,4.07,s
pughti01,1967,1,26,USA,CA,Tim,Pugh,225,78,R,R,1992/9/1,1992,25,1997/5/24,,pught001,pughti01,4.73,s
ashlebi01,1970,7,11,USA,MI,Billy,Ashley,220,79,R,R,1992/9/1,1992,22,1998/7/30,,ashlb001,ashlebi01,5.91,s
nieveme01,1971,12,28,P.R.,,Melvin,Nieves,185,74,B,R,1992/9/1,1992,21,1998/9/14,,nievm001,nieveme01,6.04,m
bournra01,1966,5,12,D.R.,Azua,Rafael,Bournigal,160,71,R,R,1992/9/1,1992,26,1999/10/3,,bourr001,bournra01,7.09,m
greenwi01,1971,9,23,USA,GA,Willie,Greene,180,71,L,R,1992/9/1,1992,21,2000/10/1,,greew001,greenwi01,8.09,m
thompry01,1967,11,4,USA,MD,Ryan,Thompson,200,75,R,R,1992/9/1,1992,25,2002/9/17,,thomr004,thompry01,10.05,l
piazzmi01,1968,9,4,USA,PA,Mike,Piazza,200,75,R,R,1992/9/1,1992,24,2007/9/30,,piazm001,piazzmi01,15.09,l
maksumi01,1966,5,28,USA,IL,Mike,Maksudian,220,71,L,R,1992/9/2,1992,26,1994/8/10,,maksm001,maksumi01,1.94,s
rogerke02,1968,8,20,USA,MS,Kevin,Rogers,190,74,L,L,1992/9/4,1992,24,1994/5/1,,rogek002,rogerke02,1.65,s
ayalabo01,1969,7,8,USA,CA,Bobby,Ayala,190,74,R,R,1992/9/5,1992,23,1999/10/2,,ayalb002,ayalabo01,7.08,m
shephke01,1968,1,21,USA,IN,Keith,Shepherd,205,74,R,R,1992/9/6,1992,24,1996/8/4,,shepk001,shephke01,3.91,s
wilsoda01,1969,3,25,USA,IL,Dan,Wilson,190,75,R,R,1992/9/7,1992,23,2005/9/30,,wilsd001,wilsoda01,13.07,l
hathahi01,1969,9,12,USA,FL,Hilly,Hathaway,195,76,L,L,1992/9/8,1992,23,1993/9/11,,hathh001,hathahi01,1.01,s
willire02,1966,5,5,USA,SC,Reggie,Williams,180,73,B,R,1992/9/8,1992,26,1999/7/25,,willr002,willire02,6.88,m
brocado01,1967,5,16,USA,PA,Doug,Brocail,220,77,L,R,1992/9/8,1992,25,2009/10/2,,brocd001,brocado01,17.08,l
haneyto01,1965,7,30,USA,TX,Todd,Haney,165,69,R,R,1992/9/9,1992,27,1998/9/26,,hanet001,haneyto01,6.05,m
martido02,1967,8,4,D.R.,Distrito Nacional,Domingo,Martinez,215,74,R,R,1992/9/11,1992,25,1993/10/3,,martd003,martido02,1.06,s
parksde01,1968,9,29,USA,CA,Derek,Parks,205,72,R,R,1992/9/11,1992,24,1994/8/5,,parkd002,parksde01,1.9,s
scheiri02,1965,2,3,USA,NY,Rich,Scheid,185,75,L,L,1992/9/11,1992,27,1995/5/12,,scher001,scheiri02,2.67,s
hitchst01,1971,4,29,USA,NC,Sterling,Hitchcock,200,73,L,L,1992/9/11,1992,21,2004/8/22,,hitcs001,hitchst01,11.95,l
smithda05,1969,4,20,USA,MN,Dan,Smith,190,77,L,L,1992/9/12,1992,23,1994/7/8,,smitd005,smithda05,1.82,s
mlickda01,1968,6,8,USA,OH,Dave,Mlicki,185,76,R,R,1992/9/12,1992,24,2002/9/23,,mlicd001,mlickda01,10.04,l
kleskry01,1971,6,12,USA,CA,Ryan,Klesko,220,75,L,L,1992/9/12,1992,21,2007/9/25,,klesr001,kleskry01,15.04,l
velasgu01,1968,4,23,Mexico,Baja California,Guillermo,Velasquez,220,75,L,R,1992/9/14,1992,24,1993/10/3,,velag001,velasgu01,1.05,s
britobe01,1963,12,4,D.R.,San Cristobal,Bernardo,Brito,190,73,R,R,1992/9/15,1992,29,1995/6/24,,britb001,britobe01,2.77,s
willige02,1966,8,10,USA,LA,Gerald,Williams,190,74,R,R,1992/9/15,1992,26,2005/10/2,,willg001,willige02,13.05,l
embreal01,1970,1,23,USA,OR,Alan,Embree,185,74,L,L,1992/9/15,1992,22,2009/7/10,,embra001,embreal01,16.83,l
taylosc01,1967,8,2,USA,OH,Scott,Taylor,185,73,L,L,1992/9/17,1992,25,1993/10/3,,tayls001,taylosc01,1.04,s
valenjo03,1969,10,12,P.R.,,Jose,Valentin,175,70,B,R,1992/9/17,1992,23,2007/7/20,,valej003,valenjo03,14.85,l
costoti01,1969,2,16,USA,IL,Tim,Costo,220,77,R,R,1992/9/18,1992,23,1993/10/3,,costt001,costoti01,1.04,s
tatumji01,1967,10,9,USA,CA,Jim,Tatum,200,74,R,R,1992/9/18,1992,25,1998/6/11,,tatuj001,tatumji01,5.73,s
lopezja01,1970,11,5,P.R.,,Javy,Lopez,185,75,R,R,1992/9/18,1992,22,2006/9/2,,lopej001,lopezja01,13.96,l
alexama02,1971,3,20,D.R.,San Pedro de Macoris,Manny,Alexander,150,70,R,R,1992/9/18,1992,21,2006/9/28,,alexm001,alexama02,14.04,l
snowjt01,1968,2,26,USA,CA,J. T.,Snow,200,74,L,L,1992/9/20,1992,24,2008/9/27,,snowj001,snowj.01,16.03,l
martipe02,1971,10,25,D.R.,Distrito Nacional,Pedro,Martinez,170,71,R,R,1992/9/24,1992,21,2009/9/30,,martp001,martipe02,17.03,l
borbope02,1967,11,15,D.R.,Valverde,Pedro,Borbon,205,73,R,L,1992/10/2,1992,25,2003/8/15,,borbp001,borbope02,10.87,l
bolicfr01,1966,6,28,USA,PA,Frank,Bolick,190,70,B,R,1993/4/5,1993,27,1998/6/3,,bolif001,bolicfr01,5.16,s
posesc01,1967,2,11,USA,IA,Scott,Pose,165,71,L,R,1993/4/5,1993,26,2000/9/29,,poses001,posesc01,7.49,m
gilbe01,1972,10,6,Mexico,Baja California,Benji,Gil,210,74,R,R,1993/4/5,1993,21,2003/7/31,,gil-b001,gilbe01,10.33,l
kmakjo01,1963,5,3,USA,CA,Joe,Kmak,200,72,R,R,1993/4/6,1993,30,1995/8/27,,kmakj001,kmakjo01,2.39,s
gomezpa01,1968,3,17,USA,CA,Pat,Gomez,190,72,L,L,1993/4/6,1993,25,1995/9/30,,gomep001,gomezpa01,2.48,s
tinslle01,1969,3,4,USA,KY,Lee,Tinsley,190,71,B,R,1993/4/6,1993,24,1997/9/28,,tinsl001,tinslle01,4.48,s
hoffmtr01,1967,10,13,USA,CA,Trevor,Hoffman,200,73,R,R,1993/4/6,1993,26,2010/9/29,,hofft001,hoffmtr01,17.49,l
gohrgr01,1967,10,29,USA,CA,Greg,Gohr,205,75,R,R,1993/4/7,1993,26,1996/9/27,,gohrg001,gohrgr01,3.48,s
lansimi01,1968,4,3,USA,WY,Mike,Lansing,175,72,R,R,1993/4/7,1993,25,2001/9/8,,lansm001,lansimi01,8.43,m
hiattph01,1969,5,1,USA,FL,Phil,Hiatt,200,75,R,R,1993/4/7,1993,24,2001/10/7,,hiatp001,hiattph01,8.51,m
mohlemi01,1968,7,26,USA,OH,Mike,Mohler,195,74,R,L,1993/4/7,1993,25,2001/10/7,,mohlm001,mohlemi01,8.51,m
walbema01,1969,10,2,USA,CA,Matt,Walbeck,195,71,B,R,1993/4/7,1993,24,2003/9/28,,walbm001,walbema01,10.48,l
merribr01,1966,7,15,USA,IL,Brett,Merriman,210,74,R,R,1993/4/8,1993,27,1994/6/22,,merrb001,merribr01,1.21,s
frazilo01,1965,1,26,USA,MO,Lou,Frazier,175,74,B,R,1993/4/8,1993,28,1998/4/19,,frazl001,frazilo01,5.03,s
brewebi01,1968,4,15,USA,TX,Billy,Brewer,175,73,L,L,1993/4/8,1993,25,1999/10/2,,brewb001,brewebi01,6.49,m
arochre01,1964,2,24,Cuba,La Habana,Rene,Arocha,180,72,R,R,1993/4/9,1993,29,1997/6/6,,arocr001,arochre01,4.16,s
greenty01,1970,2,18,USA,OH,Tyler,Green,185,77,R,R,1993/4/9,1993,23,1998/9/27,,greet002,greenty01,5.47,s
boltoro01,1968,9,23,USA,TN,Rod,Bolton,190,74,R,R,1993/4/10,1993,25,1995/9/19,,boltr001,boltoro01,2.44,s
cummijo01,1969,5,10,USA,CA,John,Cummings,200,75,L,L,1993/4/10,1993,24,1997/6/5,,cummj001,cummijo01,4.16,s
obandsh01,1970,1,23,Panama,Bocas del Toro,Sherman,Obando,215,76,R,R,1993/4/10,1993,23,1997/7/21,,obans001,obandsh01,4.28,s
nenro01,1969,11,28,USA,CA,Robb,Nen,200,76,R,R,1993/4/10,1993,24,2002/9/28,,nen-r001,nenro01,9.47,m
vinafe01,1969,4,16,USA,CA,Fernando,Vina,170,69,L,R,1993/4/10,1993,24,2004/5/11,,vinaf001,vinafe01,11.09,l
lloydgr01,1967,4,9,Australia,Victoria,Graeme,Lloyd,225,80,L,L,1993/4/11,1993,26,2003/9/27,,lloyg001,lloydgr01,10.47,l
mcmicgr01,1966,12,1,USA,TN,Greg,McMichael,215,75,R,R,1993/4/12,1993,27,2000/5/27,,mcmig001,mcmicgr01,7.13,m
tayloke01,1971,1,25,USA,MN,Kerry,Taylor,200,75,R,R,1993/4/13,1993,22,1994/6/26,,taylk001,tayloke01,1.2,s
gutieri01,1970,5,23,USA,FL,Ricky,Gutierrez,175,73,R,R,1993/4/13,1993,23,2004/10/3,,gutir001,gutieri01,11.48,l
pennibr01,1969,4,14,USA,IN,Brad,Pennington,205,77,L,L,1993/4/17,1993,24,1998/9/22,,pennb001,pennibr01,5.44,s
hamptmi01,1972,9,9,USA,FL,Mike,Hampton,185,70,R,L,1993/4/17,1993,21,2010/10/3,,hampm001,hamptmi01,17.47,l
urbanto01,1968,1,21,USA,CA,Tom,Urbani,190,73,L,L,1993/4/21,1993,25,1996/8/4,,urbat001,urbanto01,3.29,s
bogarti01,1966,10,28,USA,IN,Tim,Bogar,198,74,R,R,1993/4/21,1993,27,2001/7/1,,bogat001,bogarti01,8.2,m
turnema01,1967,2,18,USA,KY,Matt,Turner,215,77,R,R,1993/4/23,1993,26,1994/4/30,,turnm001,turnema01,1.02,s
daalom01,1972,3,1,Venezuela,Zulia,Omar,Daal,160,75,L,L,1993/4/23,1993,21,2003/9/25,,daalo001,daalom01,10.43,l
schwaje01,1964,5,20,USA,FL,Jeff,Schwarz,190,77,R,R,1993/4/24,1993,29,1994/8/6,,schwj001,schwaje01,1.28,s
browsc01,1969,3,17,USA,MT,Scott,Brow,200,75,R,R,1993/4/28,1993,24,1998/5/31,,brows002,browsc01,5.09,s
roberri02,1968,9,15,USA,TX,Rich,Robertson,175,76,L,L,1993/4/30,1993,25,1998/5/3,,rober001,roberri02,5.01,s
tarasto01,1970,12,9,USA,NY,Tony,Tarasco,185,72,L,R,1993/4/30,1993,23,2002/9/1,,tarat001,tarasto01,9.35,m
bronkje01,1965,9,18,Afghanistan,,Jeff,Bronkey,215,75,R,R,1993/5/2,1993,28,1995/8/12,,bronj001,bronkje01,2.28,s
mieskma01,1968,2,13,USA,MI,Matt,Mieske,185,72,R,R,1993/5/3,1993,25,2000/9/30,,miesm001,mieskma01,7.42,m
buforda01,1970,6,12,USA,MD,Damon,Buford,170,70,R,R,1993/5/4,1993,23,2001/5/15,,bufod001,buforda01,8.04,m
gatesbr01,1970,3,14,USA,MI,Brent,Gates,180,73,B,R,1993/5/5,1993,23,1999/10/3,,gateb001,gatesbr01,6.42,m
mearepa01,1968,9,6,USA,KS,Pat,Meares,185,72,R,R,1993/5/5,1993,25,2001/10/7,,mearp001,mearepa01,8.43,m
oleartr01,1969,8,4,USA,CA,Troy,O'Leary,175,72,L,L,1993/5/9,1993,24,2003/9/28,,oleat001,o'leatr01,10.39,l
dipotje01,1968,5,24,USA,NJ,Jerry,Dipoto,203,74,R,R,1993/5/11,1993,25,2000/10/1,,dipoj001,dipotje01,7.4,m
williwo02,1966,8,19,USA,TX,Woody,Williams,180,72,R,R,1993/5/14,1993,27,2007/9/22,,willw001,williwo02,14.37,l
shavejo01,1967,11,4,USA,GA,Jon,Shave,185,72,R,R,1993/5/15,1993,26,1999/10/3,,shavj002,shavejo01,6.39,m
roperjo01,1971,11,21,USA,NC,John,Roper,175,72,R,R,1993/5/16,1993,22,1995/9/11,,ropej001,roperjo01,2.32,s
mccarda01,1969,11,23,USA,TX,Dave,McCarty,210,77,R,L,1993/5/17,1993,24,2005/5/1,,mccad001,mccarda01,11.96,l
cedendo01,1968,11,4,D.R.,La Romana,Domingo,Cedeno,170,73,B,R,1993/5/19,1993,25,1999/9/10,,ceded001,cedendo01,6.32,m
paintla01,1967,7,21,United Kingdom,Bedfordshire,Lance,Painter,195,73,L,L,1993/5/19,1993,26,2003/9/9,,painl001,paintla01,10.32,l
wertzbi01,1967,1,15,USA,OH,Bill,Wertz,220,78,R,R,1993/5/22,1993,26,1994/5/26,,wertb001,wertzbi01,1.01,s
conveji01,1971,8,17,USA,CA,Jim,Converse,180,69,L,R,1993/5/22,1993,22,1997/5/15,,convj001,conveji01,3.98,s
bereja01,1971,5,26,USA,MA,Jason,Bere,185,75,R,R,1993/5/27,1993,22,2003/5/27,,berej002,bereja01,10.01,l
munozbo01,1968,3,3,P.R.,,Bobby,Munoz,237,79,R,R,1993/5/29,1993,25,2001/10/4,,munob001,munozbo01,8.36,m
castepe01,1970,3,11,Venezuela,Lara,Pedro,Castellano,165,67,R,R,1993/5/30,1993,23,1996/6/3,,castp001,castepe01,3.01,s
paquecr01,1969,3,28,USA,CA,Craig,Paquette,190,72,R,R,1993/6/1,1993,24,2003/4/24,,paquc001,paquecr01,9.9,m
miranan01,1969,11,9,P.R.,,Angel,Miranda,160,73,L,L,1993/6/5,1993,24,1997/6/6,,miraa001,miranan01,4.01,s
owensja02,1969,2,10,USA,OH,Jayhawk,Owens,213,73,R,R,1993/6/6,1993,24,1996/9/28,,owenj001,owensja02,3.32,s
telghda01,1966,11,11,USA,NY,Dave,Telgheder,212,75,R,R,1993/6/12,1993,27,1998/6/2,,telgd001,telghda01,4.98,s
butlero01,1970,4,10,CAN,ON,Rob,Butler,185,71,L,L,1993/6/12,1993,23,1999/7/10,,butlr001,butlero01,6.08,m
guarded01,1970,10,2,USA,CA,Eddie,Guardado,195,72,R,L,1993/6/13,1993,23,2009/9/30,,guare001,guarded01,16.31,l
wendetu01,1967,5,19,USA,MA,Turk,Wendell,185,74,B,R,1993/6/17,1993,26,2004/5/13,,wendt001,wendetu01,10.91,l
ruffcsc01,1969,12,29,USA,TX,Scott,Ruffcorn,215,76,R,R,1993/6/19,1993,24,1997/8/17,,ruffs001,ruffcsc01,4.16,s
correro01,1967,9,13,USA,RI,Rod,Correia,185,71,R,R,1993/6/20,1993,26,1995/9/16,,corrr001,correro01,2.24,s
burnije01,1969,4,15,USA,CA,Jeromy,Burnitz,190,72,L,R,1993/6/21,1993,24,2006/9/27,,burnj001,burnije01,13.28,l
seleaa01,1970,6,25,USA,MN,Aaron,Sele,205,77,R,R,1993/6/23,1993,23,2007/9/25,,selea001,seleaa01,14.27,l
whitmda02,1968,11,18,USA,VA,Darrell,Whitmore,210,73,L,R,1993/6/25,1993,25,1995/6/3,,whitd002,whitmda02,1.94,s
hammoje01,1971,3,5,USA,NJ,Jeffrey,Hammonds,195,72,R,R,1993/6/25,1993,22,2005/5/22,,hammj001,hammoje01,11.92,l
worreti01,1967,7,5,USA,CA,Tim,Worrell,210,76,R,R,1993/6/25,1993,26,2006/6/27,,worrt002,worreti01,13.01,l
leskacu01,1968,4,2,USA,PA,Curt,Leskanic,180,72,R,R,1993/6/27,1993,25,2004/10/2,,leskc001,leskacu01,11.27,l
martipe03,1968,11,29,D.R.,Santo Domingo,Pedro,Martinez,155,74,L,L,1993/6/29,1993,25,1997/9/6,,martp002,martipe03,4.19,s
evereca01,1971,6,3,USA,FL,Carl,Everett,181,72,B,R,1993/7/1,1993,22,2006/7/25,,everc001,evereca01,13.07,l
spradje01,1967,6,14,USA,CA,Jerry,Spradlin,230,79,B,R,1993/7/2,1993,26,2000/9/29,,spraj001,spradje01,7.25,m
luebbla01,1969,10,11,USA,OH,Larry,Luebbers,190,78,R,R,1993/7/3,1993,24,2000/9/26,,luebl001,luebbla01,7.24,m
newfima01,1972,10,19,USA,CA,Marc,Newfield,205,76,R,R,1993/7/6,1993,21,1998/9/15,,newfm001,newfima01,5.2,s
lopezal02,1971,8,18,USA,AZ,Albie,Lopez,240,74,R,R,1993/7/6,1993,22,2003/6/19,,lopea002,lopezal02,9.96,m
bergmse01,1970,4,11,USA,IL,Sean,Bergman,205,76,R,R,1993/7/7,1993,23,2000/6/17,,bergs001,bergmse01,6.95,m
stockke01,1970,2,13,USA,WA,Kevin,Stocker,178,72,B,R,1993/7/7,1993,23,2000/9/29,,stock001,stockke01,7.24,m
rueteki01,1970,12,1,USA,IL,Kirk,Rueter,190,75,L,L,1993/7/7,1993,23,2005/7/29,,ruetk001,rueteki01,12.07,l
jonesto02,1968,4,24,USA,GA,Todd,Jones,200,75,L,R,1993/7/7,1993,25,2008/8/15,,jonet003,jonesto02,15.12,l
watsoal01,1970,11,18,USA,NY,Allen,Watson,195,75,L,L,1993/7/8,1993,23,2000/8/10,,watsa001,watsoal01,7.1,m
moorema01,1970,11,2,USA,CA,Marcus,Moore,195,77,B,R,1993/7/9,1993,23,1996/6/5,,moorm002,moorema01,2.91,s
fletcpa01,1967,1,14,USA,OH,Paul,Fletcher,190,73,R,R,1993/7/11,1993,26,1996/8/16,,fletp001,fletcpa01,3.1,s
burgoen01,1965,10,7,Panama,,Enrique,Burgos,195,76,L,L,1993/7/15,1993,28,1995/7/2,,burge001,burgoen01,1.96,s
roberke01,1968,1,29,USA,IL,Kevin,Roberson,210,76,B,R,1993/7/15,1993,25,1996/5/28,,robek001,roberke01,2.87,s
mejiaro02,1972,4,14,D.R.,Hato Mayor,Roberto,Mejia,160,71,R,R,1993/7/15,1993,21,1997/4/11,,mejir001,mejiaro02,3.74,s
mondera01,1971,3,12,D.R.,San Cristobal,Raul,Mondesi,202,71,R,R,1993/7/19,1993,22,2005/5/27,,mondr002,mondera01,11.86,l
gomezch02,1971,6,16,USA,CA,Chris,Gomez,183,73,R,R,1993/7/19,1993,22,2008/9/18,,gomec001,gomezch02,15.18,l
whitede04,1969,10,12,USA,CA,Derrick,White,220,73,R,R,1993/7/22,1993,24,1998/8/18,,whitd003,whitede04,5.08,s
huttoma01,1970,2,6,Australia,South Australia,Mark,Hutton,240,78,R,R,1993/7/23,1993,23,1998/5/21,,huttm001,huttoma01,4.83,s
perezed01,1969,9,11,USA,OH,Eduardo,Perez,215,76,R,R,1993/7/27,1993,24,2006/9/29,,peree001,perezed01,13.18,l
vanbuty01,1963,10,7,USA,CA,Ty,Van Burkleo,230,77,L,L,1993/7/28,1993,30,1994/7/30,,vanbt001,vanbuty01,1.01,s
siddajo01,1967,10,25,CAN,ON,Joe,Siddall,200,73,L,R,1993/7/28,1993,26,1998/9/26,,siddj001,siddajo01,5.17,s
ausmubr01,1969,4,14,USA,CT,Brad,Ausmus,190,71,R,R,1993/7/28,1993,24,2010/10/3,,ausmb001,ausmubr01,17.19,l
leftwph01,1969,5,19,USA,VA,Phil,Leftwich,205,77,R,R,1993/7/29,1993,24,1996/5/6,,leftp001,leftwph01,2.77,s
planter01,1968,10,30,USA,WA,Erik,Plantenberg,190,73,R,L,1993/7/31,1993,25,1997/6/20,,plane001,planter01,3.89,s
shousbr01,1968,9,26,USA,IL,Brian,Shouse,180,71,L,L,1993/7/31,1993,25,2009/10/1,,shoub001,shousbr01,16.18,l
sandesc02,1969,3,25,USA,MO,Scott,Sanders,210,76,R,R,1993/8/6,1993,24,1999/10/3,,sands002,sandesc02,6.16,m
tavarju01,1973,5,22,D.R.,Santiago,Julian,Tavarez,165,74,L,R,1993/8/7,1993,20,2009/7/19,,tavaj001,tavarju01,15.96,l
ruffijo01,1971,7,29,USA,AL,Johnny,Ruffin,172,75,R,R,1993/8/8,1993,22,2001/8/2,,ruffj001,ruffijo01,7.99,m
marreor01,1969,10,31,P.R.,,Oreste,Marrero,195,72,L,L,1993/8/12,1993,24,1996/9/26,,marro001,marreor01,3.13,s
tombean01,1966,11,7,USA,NC,Andy,Tomberlin,160,71,L,L,1993/8/12,1993,27,1998/6/21,,tomba001,tombean01,4.86,s
pirklgr01,1970,8,7,USA,CA,Greg,Pirkl,225,77,R,R,1993/8/13,1993,23,1996/8/16,,pirkg001,pirklgr01,3.01,s
oquismi01,1968,5,30,USA,CO,Mike,Oquist,170,74,R,R,1993/8/14,1993,25,1999/9/21,,oquim001,oquismi01,6.11,m
jonesbo03,1970,2,10,USA,CA,Bobby,Jones,210,76,R,R,1993/8/14,1993,23,2002/9/2,,joneb003,jonesbo03,9.06,m
desiljo01,1967,9,30,USA,CA,John,DeSilva,193,72,R,R,1993/8/15,1993,26,1995/7/2,,desij001,desiljo01,1.88,s
karsast01,1972,3,24,USA,NY,Steve,Karsay,210,75,R,R,1993/8/17,1993,21,2006/6/17,,karss001,karsast01,12.84,l
holzema01,1969,8,20,USA,CO,Mark,Holzemer,165,72,L,L,1993/8/21,1993,24,2000/8/13,,holzm001,holzema01,6.98,m
turnech01,1969,3,23,USA,KY,Chris,Turner,190,74,R,R,1993/8/27,1993,24,2000/10/1,,turnc001,turnech01,7.1,m
hopejo01,1970,12,21,USA,FL,John,Hope,195,75,R,R,1993/8/29,1993,23,1996/5/14,,hopej001,hopejo01,2.71,s
faneyri01,1969,5,31,Netherlands,,Rikkert,Faneyte,170,72,R,R,1993/8/29,1993,24,1996/5/29,,faner001,faneyri01,2.75,s
torresa01,1972,3,11,D.R.,San Pedro de Macoris,Salomon,Torres,150,71,R,R,1993/8/29,1993,21,2008/9/27,,torrs001,torresa01,15.09,l
ortizlu01,1970,5,25,D.R.,Distrito Nacional,Luis,Ortiz,190,72,R,R,1993/8/31,1993,23,1996/9/28,,ortil001,ortizlu01,3.08,s
baileco01,1971,1,24,USA,IL,Cory,Bailey,195,72,R,R,1993/9/1,1993,22,2002/7/3,,bailc001,baileco01,8.84,m
whitero02,1972,2,23,USA,GA,Rondell,White,193,73,R,R,1993/9/1,1993,21,2007/9/30,,whitr001,whitero02,14.09,l
oliveda02,1970,10,6,USA,MO,Darren,Oliver,250,75,R,L,1993/9/1,1993,23,2013/9/29,,olivd001,oliveda02,20.09,l
kingke01,1969,2,11,USA,CA,Kevin,King,170,76,L,L,1993/9/2,1993,24,1995/5/14,,kingk001,kingke01,1.7,s
ramirma02,1972,5,30,D.R.,Distrito Nacional,Manny,Ramirez,225,72,R,R,1993/9/2,1993,21,2011/4/6,,ramim002,ramirma02,17.6,l
longmto01,1968,8,12,USA,CA,Tony,Longmire,197,73,L,R,1993/9/3,1993,25,1995/8/6,,longt001,longmto01,1.92,s
batchri01,1967,4,8,USA,SC,Rich,Batchelor,195,73,R,R,1993/9/3,1993,26,1997/7/15,,batcr001,batchri01,3.87,s
philljr01,1970,4,29,USA,CA,J. R.,Phillips,205,74,L,L,1993/9/3,1993,23,1999/10/3,,philj001,phillj.01,6.08,m
johnsjo07,1968,11,25,USA,NY,John,Johnstone,195,75,R,R,1993/9/3,1993,25,2000/9/30,,johnj006,johnsjo07,7.08,m
helfaer01,1969,3,25,USA,PA,Eric,Helfand,195,72,L,R,1993/9/4,1993,24,1995/9/30,,helfe001,helfaer01,2.07,s
powelro01,1968,1,24,USA,MI,Ross,Powell,180,72,L,L,1993/9/5,1993,25,1995/9/30,,power001,powelro01,2.07,s
brookje01,1967,3,23,USA,NY,Jerry,Brooks,195,72,R,R,1993/9/6,1993,26,1996/9/28,,brooj001,brookje01,3.06,s
abbotku01,1969,6,2,USA,OH,Kurt,Abbott,180,71,R,R,1993/9/7,1993,24,2001/4/13,,abbok002,abbotku01,7.6,m
crometr01,1967,11,21,USA,SC,Tripp,Cromer,165,74,R,R,1993/9/7,1993,26,2003/5/27,,cromt001,crometr01,9.72,m
lopezlu02,1970,9,4,P.R.,,Luis,Lopez,175,71,B,R,1993/9/7,1993,23,2005/6/19,,lopel002,lopezlu02,11.79,l
salkero01,1971,3,6,USA,CA,Roger,Salkeld,215,77,R,R,1993/9/8,1993,22,1996/9/28,,salkr001,salkero01,3.06,s
wilsoni01,1970,1,12,CAN,ON,Nigel,Wilson,185,73,L,L,1993/9/8,1993,23,1996/9/29,,wilsn001,wilsoni01,3.06,s
huskebu01,1971,11,10,USA,OK,Butch,Huskey,244,75,R,R,1993/9/8,1993,22,2000/10/1,,huskb001,huskebu01,7.07,m
carabra01,1969,5,23,D.R.,Maria Trinidad Sanchez,Ramon,Caraballo,150,67,B,R,1993/9/9,1993,24,1995/8/15,,carar001,carabra01,1.93,s
auderi01,1971,7,13,USA,CA,Rich,Aude,180,77,R,R,1993/9/9,1993,22,1996/5/15,,auder001,auderi01,2.68,s
micelda01,1970,9,9,USA,NJ,Dan,Miceli,185,73,R,R,1993/9/9,1993,23,2006/9/29,,miced001,micelda01,13.06,l
edmonji01,1970,6,27,USA,CA,Jim,Edmonds,190,73,L,L,1993/9/9,1993,23,2010/9/21,,edmoj001,edmonji01,17.04,l
stahosc01,1970,3,6,USA,IL,Scott,Stahoviak,210,77,L,R,1993/9/10,1993,23,1998/7/3,,stahs001,stahosc01,4.81,s
beckeri01,1972,2,1,USA,IL,Rich,Becker,180,70,L,L,1993/9/10,1993,21,2000/10/1,,beckr002,beckeri01,7.06,m
anderbr02,1972,4,26,USA,VA,Brian,Anderson,190,73,L,L,1993/9/10,1993,21,2005/5/8,,andeb002,anderbr02,11.67,l
cummimi01,1971,10,14,V.I.,St. Croix,Midre,Cummings,190,73,L,R,1993/9/10,1993,22,2005/8/6,,cummm001,cummimi01,11.91,l
