player_id,birth_year,birth_month,birth_day,birth_country,birth_state,name_first,name_last,weight,height,bats,throws,debut,debut_year,debut_ages,final_game,retired_year,retro_id,bbref_id,career_year,career_def
zambrca01,1981,6,1,Venezuela,Carabobo,Carlos,Zambrano,275,76,B,R,2001/8/20,2001,20,2012/9/21,,zambc001,zambrca01,11.1,l
johnsni01,1978,9,19,USA,CA,Nick,Johnson,235,75,L,L,2001/8/21,2001,23,2012/6/27,,johnn001,johnsni01,10.86,l
cruzju02,1978,10,15,D.R.,Monsenor Nouel,Juan,Cruz,170,74,R,R,2001/8/21,2001,23,2012/8/19,,cruzj005,cruzju02,11,l
jennija01,1978,7,17,USA,TX,Jason,Jennings,235,74,L,R,2001/8/23,2001,23,2009/8/26,,jennj001,jennija01,8.01,m
mohrdu01,1976,6,19,USA,MS,Dustan,Mohr,210,72,R,R,2001/8/29,2001,25,2007/7/8,,mohrd001,mohrdu01,5.86,s
everead01,1977,2,2,USA,GA,Adam,Everett,180,72,R,R,2001/8/30,2001,24,2011/6/26,,evera001,everead01,9.83,m
knotter01,1974,9,23,USA,IL,Eric,Knott,188,72,L,L,2001/9/1,2001,27,2003/8/26,,knote001,knotter01,1.98,s
miadiba01,1976,2,3,USA,CA,Bart,Miadich,205,76,R,R,2001/9/2,2001,25,2003/8/12,,miadb001,miadiba01,1.94,s
bauerri01,1977,1,10,USA,CA,Rick,Bauer,215,78,R,R,2001/9/2,2001,24,2008/6/29,,bauer001,bauerri01,6.83,m
foggjo01,1976,12,13,USA,MA,Josh,Fogg,205,74,R,R,2001/9/2,2001,25,2009/10/4,,foggj001,foggjo01,8.09,m
harriwi01,1978,6,22,USA,GA,Willie,Harris,195,69,L,R,2001/9/2,2001,23,2012/6/24,,harrw001,harriwi02,10.82,l
nealbl01,1978,4,6,USA,NJ,Blaine,Neal,205,77,L,R,2001/9/3,2001,23,2005/6/15,,nealb001,nealbl01,3.78,s
magruch01,1977,4,26,USA,WA,Chris,Magruder,200,71,B,R,2001/9/4,2001,24,2005/9/28,,magrc001,magruch01,4.07,s
almoner01,1978,2,1,D.R.,Distrito Nacional,Erick,Almonte,245,74,R,R,2001/9/4,2001,23,2011/4/25,,almoe001,almoner01,9.64,m
riverju01,1978,7,3,Venezuela,Miranda,Juan,Rivera,220,74,R,R,2001/9/4,2001,23,2012/10/3,,rivej001,riverju01,11.09,l
milleco01,1976,3,18,USA,CA,Corky,Miller,250,73,R,R,2001/9/4,2001,25,2013/9/29,,millc001,milleco01,12.08,l
beckejo02,1980,5,15,USA,TX,Josh,Beckett,230,77,R,R,2001/9/4,2001,21,2014/8/3,,beckj002,beckejo02,12.92,l
spoonti01,1979,10,21,USA,CA,Tim,Spooneybarger,190,75,R,R,2001/9/5,2001,22,2003/6/11,,spoot001,spoonti01,1.76,s
ainswku01,1978,9,9,USA,LA,Kurt,Ainsworth,192,75,R,R,2001/9/5,2001,23,2004/5/14,,ainsk001,ainswku01,2.69,s
aldrico01,1979,6,13,USA,TX,Cory,Aldridge,210,72,L,R,2001/9/5,2001,22,2010/7/11,,aldrc001,aldrico01,8.85,m
ransoco01,1976,2,17,USA,AZ,Cody,Ransom,200,74,R,R,2001/9/5,2001,25,2013/8/31,,ransc001,ransoco01,11.99,l
torreyo01,1978,7,19,Venezuela,Distrito Federal,Yorvit,Torrealba,200,71,R,R,2001/9/5,2001,23,2013/9/25,,torry001,torreyo01,12.06,l
penaca01,1978,5,17,D.R.,Distrito Nacional,Carlos,Pena,225,74,L,L,2001/9/5,2001,23,2014/7/12,,penac001,penaca01,12.86,l
koplomi01,1976,8,30,USA,PA,Mike,Koplove,165,72,R,R,2001/9/6,2001,25,2007/9/26,,koplm001,koplomi01,6.06,m
olsenke01,1976,7,26,USA,CA,Kevin,Olsen,200,74,R,R,2001/9/7,2001,25,2003/9/27,,olsek001,olsenke01,2.05,s
vazqura01,1976,8,21,P.R.,,Ramon,Vazquez,195,71,L,R,2001/9/7,2001,25,2009/10/4,,vazqr001,vazqura01,8.08,m
voylebr01,1976,12,30,USA,WI,Brad,Voyles,195,73,R,R,2001/9/8,2001,25,2003/9/27,,voylb001,voylebr01,2.05,s
santoan01,1979,8,14,P.R.,,Angel,Santos,178,71,B,R,2001/9/8,2001,22,2003/9/28,,santa002,santoan01,2.05,s
gilge01,1975,8,7,Mexico,Oaxaca,Geronimo,Gil,240,75,R,R,2001/9/8,2001,26,2007/8/22,,gil-g001,gilge01,5.96,s
hoovepa01,1976,4,14,USA,OH,Paul,Hoover,210,73,R,R,2001/9/8,2001,25,2010/9/29,,hoovp001,hoovepa01,9.06,m
bergebr01,1975,2,21,USA,KY,Brandon,Berger,205,71,R,R,2001/9/9,2001,26,2004/6/13,,bergb001,bergebr01,2.76,s
cotahu01,1979,2,7,Mexico,Sonora,Humberto,Cota,225,71,R,R,2001/9/9,2001,22,2007/5/28,,cotah001,cotahu01,5.72,s
puntoni01,1977,11,8,USA,CA,Nick,Punto,195,69,B,R,2001/9/9,2001,24,2014/9/27,,puntn001,puntoni01,13.06,l
abadan01,1972,8,25,USA,FL,Andy,Abad,184,73,L,L,2001/9/10,2001,29,2006/4/13,,abada001,abadan01,4.59,s
middlja01,1975,6,26,USA,MI,Jason,Middlebrook,215,75,R,R,2001/9/17,2001,26,2003/5/15,,middj001,middlja01,1.66,s
harveke01,1978,3,1,USA,CA,Ken,Harvey,240,74,R,R,2001/9/18,2001,23,2005/5/18,,harvk001,harveke01,3.67,s
berroan01,1978,1,27,D.R.,Distrito Nacional,Angel,Berroa,195,72,R,R,2001/9/18,2001,23,2009/8/6,,berra001,berroan01,7.89,m
rivermi02,1976,9,8,P.R.,,Mike,Rivera,220,73,R,R,2001/9/18,2001,25,2011/5/20,,rivem003,rivermi02,9.67,m
betemwi01,1981,11,2,D.R.,Distrito Nacional,Wilson,Betemit,220,74,B,R,2001/9/18,2001,20,2013/9/12,,betew001,betemwi01,11.99,l
fernaja01,1972,2,2,USA,UT,Jared,Fernandez,223,74,R,R,2001/9/19,2001,29,2006/5/11,,fernj002,fernaja01,4.64,s
phillja04,1976,9,27,USA,CA,Jason,Phillips,180,73,R,R,2001/9/19,2001,25,2007/7/18,,philj003,phillja04,5.83,s
overbly01,1977,1,28,USA,WA,Lyle,Overbay,235,74,L,L,2001/9/19,2001,24,2014/9/28,,overl001,overbly01,13.03,l
stoneri01,1975,2,28,USA,OH,Ricky,Stone,170,73,R,R,2001/9/21,2001,26,2007/7/21,,stonr001,stoneri01,5.83,s
macdomi01,1977,3,5,USA,NV,Mike,MacDougal,180,76,B,R,2001/9/22,2001,24,2012/4/30,,macdm001,macdomi01,10.61,l
custja01,1979,1,16,USA,NJ,Jack,Cust,250,73,L,R,2001/9/26,2001,22,2011/7/27,,custj001,custja01,9.84,m
raineti02,1979,8,31,USA,TN,Tim,Raines,190,70,R,R,2001/10/1,2001,22,2004/10/3,,raint002,raineti02,3.01,s
coreyma02,1974,11,16,USA,PA,Mark,Corey,220,74,R,R,2001/10/2,2001,27,2004/10/1,,corem001,coreyma02,3,s
huckake01,1971,1,27,USA,CA,Ken,Huckaby,205,73,R,R,2001/10/6,2001,30,2006/9/27,,huckk001,huckake01,4.98,s
cassisc01,1975,10,3,USA,NY,Scott,Cassidy,175,74,R,R,2002/4/1,2002,27,2006/9/25,,casss001,cassisc01,4.49,s
blaloha01,1980,11,21,USA,CA,Hank,Blalock,192,73,L,R,2002/4/1,2002,22,2010/6/27,,blalh001,blaloha01,8.24,m
silvaca01,1979,4,23,Venezuela,Bolivar,Carlos,Silva,280,76,R,R,2002/4/1,2002,23,2010/9/7,,silvc001,silvaca01,8.44,m
hinsker01,1977,8,5,USA,WI,Eric,Hinske,235,74,L,R,2002/4/1,2002,25,2013/6/27,,hinse001,hinsker01,11.25,l
burrose01,1980,9,12,USA,GA,Sean,Burroughs,195,73,L,R,2002/4/2,2002,22,2012/4/30,,burrs001,burrose01,10.08,l
rauchjo01,1978,9,27,USA,KY,Jon,Rauch,290,83,R,R,2002/4/2,2002,24,2013/5/17,,raucj001,rauchjo01,11.13,l
uguetlu01,1979,2,15,Venezuela,Distrito Federal,Luis,Ugueto,195,72,B,R,2002/4/3,2002,23,2003/9/23,,uguel001,uguetlu01,1.47,s
escalfe01,1979,3,12,Venezuela,Carabobo,Felix,Escalona,185,72,R,R,2002/4/4,2002,23,2005/10/2,,escaf001,escalfe01,3.5,s
sosajo02,1978,4,28,D.R.,Distrito Nacional,Jorge,Sosa,220,74,R,R,2002/4/4,2002,24,2010/10/2,,sosaj002,sosajo02,8.5,m
thurmco01,1978,11,5,USA,GA,Corey,Thurman,235,74,R,R,2002/4/5,2002,24,2003/8/13,,thurc001,thurmco01,1.36,s
ishiika01,1973,9,9,Japan,Chiba,Kazuhisa,Ishii,215,72,L,L,2002/4/6,2002,29,2005/9/28,,ishik001,ishiika01,3.48,s
asencmi01,1980,9,29,D.R.,Santo Domingo,Miguel,Asencio,190,74,R,R,2002/4/6,2002,22,2006/4/29,,asenm001,asencmi01,4.07,s
torrean02,1978,1,26,USA,NJ,Andres,Torres,195,70,B,R,2002/4/7,2002,24,2013/8/21,,torra001,torrean02,11.38,l
donnebr01,1971,7,4,USA,DC,Brendan,Donnelly,205,75,R,R,2002/4/9,2002,31,2010/7/23,,donnb001,donnebr01,8.29,m
menchke01,1978,1,7,USA,DE,Kevin,Mench,215,72,R,R,2002/4/9,2002,24,2010/10/3,,menck001,menchke01,8.49,m
ellisma01,1977,6,6,USA,SD,Mark,Ellis,190,70,R,R,2002/4/9,2002,25,2014/9/27,,ellim001,ellisma01,12.48,l
crudami01,1977,1,3,USA,CA,Mike,Crudale,205,72,R,R,2002/4/10,2002,25,2003/9/23,,crudm001,crudami01,1.45,s
ennisjo01,1979,10,17,USA,CO,John,Ennis,220,77,R,R,2002/4/10,2002,23,2007/9/12,,ennij001,ennisjo01,5.43,s
salazos01,1978,6,27,Venezuela,Aragua,Oscar,Salazar,195,72,R,R,2002/4/10,2002,24,2010/10/2,,salao001,salazos01,8.48,m
fieldna01,1975,12,11,USA,CO,Nate,Field,185,74,R,R,2002/4/12,2002,27,2007/4/29,,fieln001,fieldna01,5.05,s
milleju01,1977,8,27,USA,CA,Justin,Miller,215,74,R,R,2002/4/12,2002,25,2010/7/18,,millj002,milleju01,8.27,m
gryboke01,1973,11,15,USA,PA,Kevin,Gryboski,220,77,R,R,2002/4/13,2002,29,2006/8/29,,grybk001,gryboke01,4.38,s
puffebr01,1975,10,5,USA,CA,Brandon,Puffer,190,75,R,R,2002/4/17,2002,27,2005/6/26,,puffb001,puffebr01,3.19,s
romanja01,1979,6,24,USA,FL,Jason,Romano,185,72,R,R,2002/4/17,2002,23,2005/7/9,,romaj002,romanja01,3.23,s
kearnau01,1980,5,20,USA,KY,Austin,Kearns,240,75,R,R,2002/4/17,2002,22,2013/5/3,,keara001,kearnau01,11.05,l
bedarer01,1979,3,5,CAN,ON,Erik,Bedard,195,73,L,L,2002/4/17,2002,23,2014/7/12,,bedae001,bedarer01,12.24,l
pearcjo01,1977,8,20,USA,WA,Josh,Pearce,215,75,R,R,2002/4/20,2002,25,2004/5/8,,pearj001,pearcjo01,2.05,s
bongju01,1980,7,15,South Korea,,Jung,Bong,175,75,L,L,2002/4/23,2002,22,2004/6/20,,bongj001,bongju01,2.16,s
florera01,1975,7,31,USA,CA,Randy,Flores,190,72,L,L,2002/4/23,2002,27,2010/9/27,,florr001,florera01,8.44,m
fostejo01,1978,5,17,USA,CA,John,Foster,200,72,L,L,2002/4/24,2002,24,2005/10/2,,fostj001,fostejo01,3.44,s
smithmi06,1977,9,19,USA,MA,Mike,Smith,205,71,R,R,2002/4/26,2002,25,2006/8/6,,smitm005,smithmi06,4.28,s
drisktr01,1971,8,1,USA,NE,Travis,Driskill,185,72,R,R,2002/4/26,2002,31,2007/8/28,,drist001,drisktr01,5.34,s
lidgebr01,1976,12,23,USA,CA,Brad,Lidge,210,77,R,R,2002/4/26,2002,26,2012/6/16,,lidgb001,lidgebr01,10.15,l
snydeea01,1976,5,6,USA,CT,Earl,Snyder,207,72,R,R,2002/4/28,2002,26,2004/8/18,,snyde001,snydeea01,2.31,s
howarbe01,1979,1,15,USA,IL,Ben,Howard,190,74,R,R,2002/4/28,2002,23,2004/10/1,,howab001,howarbe01,2.43,s
langery01,1980,2,20,USA,TX,Ryan,Langerhans,220,75,L,L,2002/4/28,2002,22,2013/9/29,,langr002,langery01,11.43,l
britoju01,1979,11,7,D.R.,Santiago Rodriguez,Juan,Brito,205,71,R,R,2002/5/3,2002,23,2004/10/3,,britj002,britoju01,2.42,s
simonja01,1973,11,13,USA,CA,Jason,Simontacchi,185,74,R,R,2002/5/4,2002,29,2007/7/15,,simoj001,simonja01,5.2,s
mateoju01,1977,8,2,D.R.,Peravia,Julio,Mateo,235,71,R,R,2002/5/7,2002,25,2007/5/3,,matej001,mateoju01,4.99,s
tankede01,1979,2,24,USA,MO,Dennis,Tankersley,185,74,R,R,2002/5/10,2002,23,2004/9/4,,tankd001,tankede01,2.32,s
hillbo01,1978,4,3,USA,CA,Bobby,Hill,175,70,B,R,2002/5/10,2002,24,2005/7/20,,hillb001,hillbo01,3.2,s
laneja01,1976,12,22,USA,CA,Jason,Lane,225,74,R,L,2002/5/10,2002,26,2014/7/28,,lanej001,laneja01,12.22,l
wiggity01,1977,10,11,USA,CA,Ty,Wigginton,215,72,R,R,2002/5/16,2002,25,2013/7/5,,wiggt001,wiggity01,11.15,l
santira01,1979,8,31,D.R.,San Juan,Ramon,Santiago,185,71,B,R,2002/5/17,2002,23,2014/9/27,,santr002,santira01,12.37,l
germaes01,1978,1,26,D.R.,San Cristobal,Esteban,German,195,69,R,R,2002/5/21,2002,24,2011/9/27,,germe001,germaes01,9.36,m
priorma01,1980,9,7,USA,CA,Mark,Prior,230,77,R,R,2002/5/22,2002,22,2006/8/10,,priom001,priorma01,4.22,s
gardnle01,1975,1,16,USA,MI,Lee,Gardner,219,72,R,R,2002/5/24,2002,27,2008/4/17,,gardl001,gardnle01,5.9,s
amezaal01,1978,1,16,Mexico,Sonora,Alfredo,Amezaga,165,71,B,R,2002/5/24,2002,24,2011/9/4,,ameza001,amezaal01,9.29,m
snellch02,1981,12,3,USA,FL,Chris,Snelling,165,70,L,L,2002/5/25,2002,21,2008/6/6,,snelc001,snellch02,6.04,m
matosju01,1974,12,12,USA,NY,Julius,Matos,175,71,R,R,2002/5/31,2002,28,2003/9/28,,matoj001,matosju01,1.33,s
pearsja01,1975,12,29,USA,IL,Jason,Pearson,195,72,L,L,2002/6/4,2002,27,2003/8/20,,pearj002,pearsja01,1.21,s
ludwiry01,1978,7,13,USA,FL,Ryan,Ludwick,215,74,R,L,2002/6/5,2002,24,2014/9/27,,ludwr001,ludwiry01,12.32,l
marotmi01,1977,8,17,USA,FL,Mike,Maroth,180,72,L,L,2002/6/8,2002,25,2007/9/24,,marom001,marotmi01,5.3,s
tagucso01,1969,7,2,Japan,Fukuoka,So,Taguchi,170,70,R,R,2002/6/10,2002,33,2009/10/4,,tagus001,tagucso01,7.32,m
thamema01,1977,3,6,USA,MS,Marcus,Thames,220,74,R,R,2002/6/10,2002,25,2011/7/6,,thamm001,thamema01,9.08,m
durocja01,1974,8,18,USA,CT,Jayson,Durocher,195,75,R,R,2002/6/11,2002,28,2003/6/13,,duroj001,durocja01,1.01,s
sanchdu01,1979,10,14,D.R.,Sanchez Ramirez,Duaner,Sanchez,210,74,R,R,2002/6/14,2002,23,2009/5/14,,sancd001,sanchdu01,6.92,m
dayza01,1978,6,15,USA,OH,Zach,Day,185,76,R,R,2002/6/15,2002,24,2006/5/22,,day-z001,dayza01,3.94,s
leonjo01,1976,12,8,P.R.,,Jose,Leon,175,72,R,R,2002/6/16,2002,26,2004/9/26,,leonj002,leonjo01,2.28,s
gomezal01,1978,8,8,D.R.,Dajabon,Alexis,Gomez,180,74,L,L,2002/6/16,2002,24,2006/9/28,,gomea001,gomezal01,4.29,s
zinteal01,1968,5,19,USA,TX,Alan,Zinter,200,74,B,R,2002/6/18,2002,34,2004/10/3,,zinta001,zinteal01,2.3,s
saarlki01,1979,5,23,USA,CA,Kirk,Saarloos,185,72,R,R,2002/6/18,2002,23,2008/9/20,,saark001,saarlki01,6.26,m
guielaa01,1972,10,5,CAN,BC,Aaron,Guiel,200,70,L,R,2002/6/22,2002,30,2006/10/1,,guiea001,guielaa01,4.28,s
brousbe01,1976,9,24,USA,TX,Ben,Broussard,220,74,L,L,2002/6/22,2002,26,2008/5/2,,broub001,brousbe01,5.87,s
cerdaja01,1978,10,26,USA,CA,Jaime,Cerda,175,72,L,L,2002/6/28,2002,24,2005/5/25,,cerdj001,cerdaja01,2.91,s
beltrfr01,1979,11,29,D.R.,Distrito Nacional,Francis,Beltran,255,78,R,R,2002/6/28,2002,23,2008/8/24,,beltf001,beltrfr01,6.16,m
hudsolu01,1977,5,2,USA,CA,Luke,Hudson,195,75,R,R,2002/7/1,2002,25,2007/5/10,,hudsl001,hudsolu01,4.86,s
walkety01,1976,5,15,USA,CA,Tyler,Walker,260,75,R,R,2002/7/2,2002,26,2010/6/19,,walkt003,walkety01,7.97,m
bukviry01,1978,5,13,USA,IL,Ryan,Bukvich,250,74,R,R,2002/7/12,2002,24,2008/7/4,,bukvr001,bukviry01,5.98,s
wessoba01,1977,4,6,USA,MS,Barry,Wesson,210,74,R,R,2002/7/15,2002,25,2003/9/28,,wessb001,wessoba01,1.21,s
fredeke01,1976,11,4,USA,IL,Kevin,Frederick,215,73,L,R,2002/7/15,2002,26,2004/9/17,,fredk001,fredeke01,2.18,s
hernaru03,1978,4,27,D.R.,Distrito Nacional,Runelvys,Hernandez,185,75,R,R,2002/7/15,2002,24,2008/7/21,,hernr003,hernaru03,6.02,m
clarkho02,1974,2,13,USA,CA,Howie,Clark,195,70,L,R,2002/7/16,2002,28,2008/5/24,,clarh001,clarkho02,5.86,s
garcire01,1974,4,15,D.R.,Maria Trinidad Sanchez,Reynaldo,Garcia,170,75,R,R,2002/7/19,2002,28,2003/9/26,,garcr003,garcire01,1.19,s
backebr01,1978,4,5,USA,TX,Brandon,Backe,182,72,R,R,2002/7/19,2002,24,2009/6/18,,backb001,backebr01,6.92,m
pattejo02,1978,1,30,USA,TX,John,Patterson,200,78,R,R,2002/7/20,2002,24,2007/5/5,,pattj004,pattejo02,4.79,s
seoja01,1977,5,24,South Korea,,Jae Weong,Seo,215,73,R,R,2002/7/21,2002,25,2007/5/29,,seo-j001,seoja01,4.86,s
scutama01,1975,10,30,Venezuela,Yaracuy,Marco,Scutaro,185,70,R,R,2002/7/21,2002,27,2014/7/24,,scutm001,scutama01,12.02,l
hudsoor01,1977,12,12,USA,SC,Orlando,Hudson,190,72,B,R,2002/7/24,2002,25,2012/10/3,,hudso001,hudsoor01,10.2,l
myersbr01,1980,8,17,USA,FL,Brett,Myers,240,76,R,R,2002/7/24,2002,22,2013/4/19,,myerb001,myersbr01,10.75,l
kershja01,1976,12,19,USA,AZ,Jason,Kershner,165,74,L,L,2002/7/25,2002,26,2004/6/16,,kersj001,kershja01,1.9,s
torcato01,1979,10,25,USA,CA,Tony,Torcato,195,73,L,R,2002/7/26,2002,23,2005/4/21,,torct001,torcato01,2.74,s
alvarvi01,1976,11,8,Mexico,Sinaloa,Victor,Alvarez,150,70,L,L,2002/7/30,2002,26,2003/8/26,,alvav001,alvarvi01,1.07,s
cepicma01,1977,11,10,USA,MO,Matthew,Cepicky,215,74,L,R,2002/7/31,2002,25,2006/5/2,,cepim001,cepicma01,3.76,s
childma01,1978,12,3,USA,GA,Matt,Childers,215,77,R,R,2002/8/3,2002,24,2005/5/28,,chilm001,childma01,2.82,s
hendrma01,1974,6,23,USA,WA,Mark,Hendrickson,240,81,L,L,2002/8/6,2002,28,2011/8/28,,hendm001,hendrma01,9.07,m
hafnetr01,1977,6,3,USA,ND,Travis,Hafner,240,75,L,R,2002/8/6,2002,25,2013/9/29,,hafnt001,hafnetr01,11.16,l
cookaa01,1979,2,8,USA,KY,Aaron,Cook,215,75,R,R,2002/8/10,2002,23,2012/9/28,,cooka002,cookaa01,10.14,l
pelloki01,1973,8,28,USA,MO,Kit,Pellow,205,73,R,R,2002/8/14,2002,29,2004/8/22,,pellk001,pelloki01,2.02,s
bynummi01,1978,3,20,USA,FL,Mike,Bynum,200,76,L,L,2002/8/17,2002,24,2004/10/2,,bynum001,bynummi01,2.13,s
rodriri03,1978,5,21,D.R.,Monte Cristi,Ricardo,Rodriguez,195,75,L,R,2002/8/21,2002,24,2005/8/8,,rodrr005,rodriri03,2.97,s
bardjo01,1978,3,30,USA,NY,Josh,Bard,225,75,B,R,2002/8/23,2002,24,2011/9/17,,bardj001,bardjo01,9.07,m
nancesh01,1977,9,7,USA,TX,Shane,Nance,180,68,L,L,2002/8/24,2002,25,2004/9/28,,nancs001,nancesh01,2.1,s
figgich01,1978,1,22,USA,GA,Chone,Figgins,180,68,B,R,2002/8/25,2002,24,2014/6/13,,figgc001,figgich01,11.81,l
condrcl01,1975,11,19,USA,TX,Clay,Condrey,195,75,R,R,2002/8/28,2002,27,2009/10/4,,condc001,condrcl01,7.11,m
ruanwi01,1978,11,18,D.R.,La Romana,Wilkin,Ruan,170,72,R,R,2002/9/1,2002,24,2003/9/28,,ruanw001,ruanwi01,1.07,s
hallbi03,1979,12,28,USA,MS,Bill,Hall,210,72,R,R,2002/9/1,2002,23,2012/6/1,,hallb001,hallbi03,9.76,m
roberje02,1977,3,30,USA,CA,Jeriome,Robertson,190,73,L,L,2002/9/2,2002,25,2004/7/21,,robej001,roberje02,1.88,s
borchjo01,1978,11,25,USA,CA,Joe,Borchard,230,76,B,R,2002/9/2,2002,24,2007/8/5,,borcj001,borchjo01,4.93,s
thursjo01,1979,9,29,USA,CA,Joe,Thurston,225,71,L,R,2002/9/2,2002,23,2011/8/5,,thurj001,thursjo01,8.93,m
sneades01,1976,6,7,USA,FL,Esix,Snead,175,70,B,R,2002/9/3,2002,26,2004/5/21,,sneae001,sneades01,1.72,s
wayneju01,1979,4,16,USA,HI,Justin,Wayne,200,75,R,R,2002/9/3,2002,23,2004/7/25,,waynj001,wayneju01,1.89,s
nunezab02,1977,2,5,D.R.,San Cristobal,Abraham,Nunez,210,75,B,R,2002/9/3,2002,25,2004/10/3,,nunea002,nunezab02,2.08,s
choihe01,1979,3,16,South Korea,,Hee-Seop,Choi,235,77,L,L,2002/9/3,2002,23,2005/10/2,,choih001,choihe01,3.08,s
alvarto01,1979,5,10,Venezuela,Distrito Federal,Tony,Alvarez,200,73,R,R,2002/9/4,2002,23,2004/10/3,,alvat002,alvarto01,2.08,s
davisjj01,1978,10,25,USA,CA,J. J.,Davis,250,76,R,R,2002/9/4,2002,24,2005/5/8,,davij004,davisjj01,2.68,s
felicpe01,1976,8,25,P.R.,,Pedro,Feliciano,195,70,L,L,2002/9/4,2002,26,2013/9/28,,felip002,felicpe01,11.07,l
hensodr01,1980,2,13,USA,CA,Drew,Henson,222,77,R,R,2002/9/5,2002,22,2003/9/28,,hensd001,hensodr01,1.06,s
rogered01,1978,8,29,D.R.,San Pedro de Macoris,Eddie,Rogers,190,72,R,R,2002/9/5,2002,24,2006/7/8,,rogee001,rogered01,3.84,s
cashke01,1977,12,6,USA,FL,Kevin,Cash,200,72,R,R,2002/9/6,2002,25,2010/10/3,,cashk001,cashke01,8.08,m
florejo01,1973,6,28,USA,NY,Jose,Flores,180,71,R,R,2002/9/7,2002,29,2004/10/3,,florj001,florejo01,2.07,s
germafr01,1980,1,20,D.R.,San Cristobal,Franklyn,German,260,79,R,R,2002/9/7,2002,22,2008/5/20,,germf001,germafr01,5.7,s
roberna01,1977,9,3,USA,KS,Nate,Robertson,225,74,R,L,2002/9/7,2002,25,2010/9/8,,roben001,roberna01,8.01,m
shielja01,1976,10,19,USA,GA,Jason,Shiell,180,72,R,R,2002/9/8,2002,26,2006/8/5,,shiej001,shielja01,3.91,s
eckener01,1976,12,17,USA,IL,Eric,Eckenstahler,210,79,L,L,2002/9/9,2002,26,2003/9/21,,eckee001,eckener01,1.03,s
tayloaa01,1977,8,20,USA,GA,Aaron,Taylor,230,79,R,R,2002/9/9,2002,25,2004/10/2,,tayla001,tayloaa01,2.07,s
davisja02,1980,5,8,USA,TN,Jason,Davis,195,78,R,R,2002/9/9,2002,22,2008/9/20,,davij005,davisja02,6.04,m
hodgetr01,1978,6,29,USA,TX,Trey,Hodges,187,75,R,R,2002/9/10,2002,24,2003/9/27,,hodgt001,hodgetr01,1.05,s
sanchfr01,1977,12,21,USA,CA,Freddy,Sanchez,200,72,R,R,2002/9/10,2002,25,2011/6/10,,sancf001,sanchfr01,8.75,m
penawi01,1982,1,23,D.R.,Valverde,Wily Mo,Pena,260,75,R,R,2002/9/10,2002,20,2011/9/25,,penaw001,penawi01,9.05,m
louxsh01,1979,8,31,USA,SD,Shane,Loux,225,74,R,R,2002/9/10,2002,23,2012/9/30,,louxs001,louxsh01,10.06,l
carroja01,1974,2,18,USA,IN,Jamey,Carroll,175,70,R,R,2002/9/11,2002,28,2013/9/27,,carrj001,carroja01,11.05,l
brazede01,1980,6,16,USA,TN,Dewon,Brazelton,215,76,R,R,2002/9/13,2002,22,2006/5/11,,brazd001,brazede01,3.66,s
chench01,1977,10,28,Taiwan,,Chin-Feng,Chen,189,73,R,R,2002/9/14,2002,25,2005/7/20,,chenc001,chench01,2.85,s
olivomi01,1978,7,15,D.R.,Monte Cristi,Miguel,Olivo,230,72,R,R,2002/9/15,2002,24,2014/5/11,,olivm001,olivomi01,11.66,l
leecl02,1978,8,30,USA,AR,Cliff,Lee,205,75,L,L,2002/9/15,2002,24,2014/7/31,,lee-c003,leecl02,11.88,l
tallebr01,1977,9,21,USA,OK,Brian,Tallet,220,78,L,L,2002/9/16,2002,25,2011/8/30,,tallb001,tallebr01,8.96,m
searsto01,1975,10,23,USA,IA,Todd,Sears,215,77,R,R,2002/9/17,2002,27,2003/9/27,,seart001,searsto01,1.03,s
restomi01,1979,1,3,USA,MN,Michael,Restovich,240,78,R,R,2002/9/18,2002,23,2007/5/5,,restm001,restomi01,4.63,s
duboser01,1976,5,15,USA,FL,Eric,DuBose,230,75,L,L,2002/9/19,2002,26,2006/4/7,,duboe001,duboser01,3.55,s
obermwe01,1976,12,22,USA,IA,Wes,Obermueller,195,74,R,R,2002/9/20,2002,26,2007/7/13,,oberw001,obermwe01,4.81,s
ryanmi03,1977,7,6,USA,PA,Mike,Ryan,182,70,L,R,2002/9/20,2002,25,2010/6/14,,ryanm001,ryanmi03,7.74,m
vanceco01,1979,6,20,USA,OH,Cory,Vance,195,73,L,L,2002/9/21,2002,23,2003/9/26,,vancc001,vanceco01,1.01,s
mckayco01,1974,1,11,CAN,BC,Cody,McKay,212,72,L,R,2002/9/22,2002,28,2004/10/2,,mckac001,mckayco01,2.03,s
graboja01,1976,5,24,USA,CT,Jason,Grabowski,200,75,L,R,2002/9/22,2002,26,2005/10/2,,grabj001,graboja01,3.03,s
prattan01,1979,8,27,USA,AZ,Andy,Pratt,160,71,L,L,2002/9/28,2002,23,2004/4/12,,prata001,prattan01,1.54,s
dawlejo01,1971,9,19,USA,CA,Joey,Dawley,205,76,R,R,2002/9/29,2002,31,2004/6/5,,dawlj001,dawlejo01,1.68,s
calloro01,1976,9,4,USA,CA,Ron,Calloway,210,73,L,L,2003/3/31,2003,27,2004/8/26,,callr001,calloro01,1.41,s
phelpto01,1974,3,4,South Korea,,Tommy,Phelps,190,75,L,L,2003/3/31,2003,29,2005/7/7,,phelt002,phelpto01,2.27,s
anderja01,1979,6,9,USA,IL,Jason,Anderson,188,72,L,R,2003/3/31,2003,24,2005/7/15,,andej003,anderja01,2.29,s
randost01,1974,5,1,Japan,,Steve,Randolph,180,75,L,L,2003/3/31,2003,29,2007/9/28,,rands001,randost01,4.5,s
villaos01,1981,11,22,Mexico,Nuevo Leon,Oscar,Villarreal,195,72,L,R,2003/3/31,2003,22,2008/7/1,,villo001,villaos01,5.26,s
mccluse01,1981,2,7,USA,WV,Seth,McClung,280,78,L,R,2003/3/31,2003,22,2009/10/4,,mccls002,mccluse01,6.52,m
baldero01,1981,9,25,USA,RI,Rocco,Baldelli,190,76,R,R,2003/3/31,2003,22,2010/10/3,,baldr001,baldero01,7.52,m
matsuhi01,1974,6,12,Japan,Ishikawa,Hideki,Matsui,210,74,L,R,2003/3/31,2003,29,2012/7/22,,matsh001,matsuhi01,9.32,m
contrjo01,1971,12,6,Cuba,Pinar del Rio,Jose,Contreras,255,76,R,R,2003/3/31,2003,32,2013/5/27,,contj002,contrjo01,10.16,l
ayalalu01,1978,1,12,Mexico,Sinaloa,Luis,Ayala,205,74,R,R,2003/3/31,2003,25,2013/9/29,,ayall001,ayalalu01,10.51,l
roneyma01,1980,1,10,USA,OK,Matt,Roney,230,75,R,R,2003/4/2,2003,23,2006/5/30,,ronem001,roneyma01,3.16,s
cruzen01,1981,11,21,D.R.,Distrito Nacional,Enrique,Cruz,205,73,R,R,2003/4/2,2003,22,2007/4/16,,cruze001,cruzen01,4.04,s
spurlch01,1977,6,28,USA,OH,Chris,Spurling,240,78,R,R,2003/4/2,2003,26,2007/9/29,,spurc001,spurlch01,4.5,s
lopezaq01,1975,4,21,D.R.,San Cristobal,Aquilino,Lopez,185,75,R,R,2003/4/2,2003,28,2008/9/29,,lopea003,lopezaq01,5.5,s
calerki01,1975,1,9,P.R.,,Kiko,Calero,180,73,R,R,2003/4/2,2003,28,2009/10/4,,calek001,calerki01,6.51,m
ledezwi01,1981,1,21,Venezuela,Guarico,Wil,Ledezma,225,76,L,L,2003/4/2,2003,22,2011/8/28,,ledew001,ledezwi01,8.41,m
ramirho01,1979,11,24,USA,CA,Horacio,Ramirez,220,73,L,L,2003/4/2,2003,24,2011/9/27,,ramih002,ramirho01,8.49,m
carradj01,1977,4,12,USA,AZ,D. J.,Carrasco,215,76,R,R,2003/4/2,2003,26,2012/5/16,,carrd001,carradj01,9.13,m
bondeje01,1982,10,28,USA,WA,Jeremy,Bonderman,210,72,R,R,2003/4/2,2003,21,2013/9/21,,bondj001,bondeje01,10.48,l
colyest01,1979,2,22,USA,MO,Steve,Colyer,200,76,L,L,2003/4/3,2003,24,2007/5/5,,colys001,colyest01,4.09,s
trabebi01,1979,9,18,USA,CA,Billy,Traber,200,77,L,L,2003/4/4,2003,24,2009/8/6,,trabb001,trabebi01,6.35,m
stewajo02,1978,12,5,USA,KY,Josh,Stewart,200,75,L,L,2003/4/6,2003,25,2004/8/26,,stewj001,stewajo02,1.39,s
neumi01,1978,3,9,USA,CA,Michael,Neu,190,70,B,R,2003/4/9,2003,25,2004/6/11,,neu-m001,neumi01,1.18,s
hammoro01,1977,5,13,USA,GA,Robby,Hammock,185,70,R,R,2003/4/11,2003,26,2011/9/28,,hammr001,hammoro01,8.47,m
foppeje01,1980,7,10,USA,PA,Jesse,Foppert,210,78,R,R,2003/4/14,2003,23,2005/6/24,,foppj001,foppeje01,2.2,s
goodan01,1979,9,19,USA,CA,Andrew,Good,170,75,R,R,2003/4/18,2003,24,2005/4/20,,gooda001,goodan01,2.01,s
garciro01,1979,1,3,Venezuela,Aragua,Rosman,Garcia,215,74,R,R,2003/4/19,2003,24,2004/8/8,,garcr004,garciro01,1.31,s
webbbr01,1979,5,9,USA,KY,Brandon,Webb,230,75,R,R,2003/4/22,2003,24,2009/4/6,,webbb001,webbbr01,5.96,s
sandeda01,1979,8,29,USA,OK,David,Sanders,200,72,L,L,2003/4/23,2003,24,2005/9/10,,sandd002,sandeda01,2.39,s
gerutjo01,1977,9,18,USA,IL,Jody,Gerut,190,72,L,L,2003/4/26,2003,26,2010/5/22,,geruj001,gerutjo01,7.08,m
vargacl01,1978,6,19,D.R.,Valverde,Claudio,Vargas,235,76,R,R,2003/4/26,2003,25,2010/5/26,,vargc001,vargacl01,7.09,m
ramirer01,1976,4,29,USA,CA,Erasmo,Ramirez,180,72,L,L,2003/4/30,2003,27,2007/7/13,,ramie001,ramirer01,4.21,s
snydeky01,1977,9,9,USA,TX,Kyle,Snyder,230,80,B,R,2003/5/1,2003,26,2008/4/5,,snydk001,snydeky01,4.93,s
ellisja01,1978,4,4,USA,CA,Jason,Ellison,180,70,R,R,2003/5/9,2003,25,2008/8/24,,ellij001,ellisja01,5.3,s
willido03,1982,1,12,USA,CA,Dontrelle,Willis,230,74,L,L,2003/5/9,2003,21,2011/9/27,,willd003,willido03,8.39,m
youngja01,1979,9,28,USA,CA,Jason,Young,215,77,R,R,2003/5/12,2003,24,2004/5/21,,younj002,youngja01,1.03,s
perezan01,1980,1,26,D.R.,Peravia,Antonio,Perez,170,71,R,R,2003/5/14,2003,23,2006/9/28,,perea001,perezan01,3.38,s
welleto01,1978,8,30,USA,KY,Todd,Wellemeyer,215,74,R,R,2003/5/15,2003,25,2010/8/8,,wellt002,welleto01,7.24,m
ojedami01,1975,1,29,Mexico,Sonora,Miguel,Ojeda,230,73,R,R,2003/5/17,2003,28,2006/10/1,,ojedm001,ojedami01,3.38,s
bayja01,1978,9,20,CAN,BC,Jason,Bay,210,74,R,R,2003/5/23,2003,25,2013/7/26,,bay-j001,bayja01,10.18,l
olmedra01,1981,5,31,Venezuela,Aragua,Ray,Olmedo,165,71,B,R,2003/5/25,2003,22,2012/10/3,,olmer001,olmedra01,9.37,m
whitema03,1977,8,19,USA,MA,Matt,White,180,73,R,L,2003/5/27,2003,26,2005/8/27,,whitm003,whitema03,2.25,s
crosbbu01,1976,8,11,USA,TX,Bubba,Crosby,180,71,L,L,2003/5/29,2003,27,2006/8/3,,crosb001,crosbbu01,3.18,s
fordle01,1976,8,12,USA,TX,Lew,Ford,200,72,R,R,2003/5/29,2003,27,2012/9/29,,fordl001,fordle01,9.35,m
gonzaed01,1983,2,23,Mexico,Nuevo Leon,Edgar,Gonzalez,210,74,R,R,2003/6/1,2003,20,2013/5/25,,gonze001,gonzaed01,9.99,m
valvejo01,1978,3,24,D.R.,San Pedro de Macoris,Jose,Valverde,265,76,R,R,2003/6/1,2003,25,2014/5/26,,valvj001,valvejo01,10.99,l
sorenza01,1977,1,3,USA,UT,Zach,Sorensen,190,72,B,R,2003/6/3,2003,26,2005/10/2,,sorez001,sorenza01,2.33,s
griffje01,1978,3,22,USA,OH,Jeremy,Griffiths,240,78,R,R,2003/6/5,2003,25,2004/7/3,,grifj001,griffje01,1.08,s
manonju01,1973,6,10,D.R.,Distrito Nacional,Julio,Manon,200,72,L,R,2003/6/5,2003,30,2006/10/1,,manoj001,manonju01,3.33,s
nakammi01,1976,9,6,Japan,,Micheal,Nakamura,170,70,R,R,2003/6/7,2003,27,2004/7/31,,nakam001,nakammi01,1.15,s
keltoda01,1979,12,17,USA,AL,David,Kelton,200,75,R,R,2003/6/8,2003,24,2004/6/10,,keltd001,keltoda01,1.01,s
walrole01,1976,11,7,USA,OK,Les,Walrond,205,75,L,L,2003/6/8,2003,27,2008/9/28,,walrl001,walrole01,5.31,s
katama01,1978,3,14,USA,OH,Matt,Kata,185,73,B,R,2003/6/15,2003,25,2009/8/11,,katam001,katama01,6.16,m
heilmaa01,1978,11,12,USA,IN,Aaron,Heilman,230,77,R,R,2003/6/26,2003,25,2011/7/15,,heila001,heilmaa01,8.06,m
matrada01,1977,1,8,USA,CA,Dave,Matranga,170,72,R,R,2003/6/27,2003,26,2005/5/8,,matrd001,matrada01,1.87,s
millema02,1971,11,23,USA,MS,Matt,Miller,210,75,R,R,2003/6/27,2003,32,2007/6/12,,millm002,millema02,3.96,s
brunter01,1978,3,29,USA,IN,Eric,Bruntlett,200,72,R,R,2003/6/27,2003,25,2009/10/4,,brune001,brunter01,6.28,m
bumpna01,1976,7,24,USA,PA,Nate,Bump,195,74,L,R,2003/6/28,2003,27,2005/7/16,,bumpn001,bumpna01,2.05,s
clausbr01,1979,5,1,USA,SD,Brandon,Claussen,200,74,R,L,2003/6/28,2003,24,2006/6/16,,claub001,clausbr01,2.97,s
journji01,1977,12,29,USA,OH,Jimmy,Journell,200,76,R,R,2003/6/29,2003,26,2005/5/2,,jourj001,journji01,1.84,s
gallomi01,1977,4,2,USA,CA,Mike,Gallo,170,72,L,L,2003/7/2,2003,26,2006/5/31,,gallm002,gallomi01,2.92,s
stanfja01,1977,1,23,USA,AZ,Jason,Stanford,200,74,L,L,2003/7/6,2003,26,2007/7/26,,stanj002,stanfja01,4.06,s
terrelu01,1980,5,18,D.R.,Barahona,Luis,Terrero,205,75,R,R,2003/7/10,2003,23,2007/9/30,,terrl001,terrelu01,4.23,s
nixla01,1980,10,30,USA,TX,Laynce,Nix,220,73,L,L,2003/7/10,2003,23,2013/8/3,,nix-l001,nixla01,10.07,l
malasma01,1978,1,17,USA,OH,Mark,Malaska,190,75,L,L,2003/7/17,2003,25,2004/7/24,,malam001,malasma01,1.02,s
wagnery01,1982,7,15,USA,TX,Ryan,Wagner,210,76,R,R,2003/7/19,2003,21,2007/5/6,,wagnr001,wagnery01,3.8,s
diazma02,1978,3,3,USA,OR,Matt,Diaz,215,72,R,R,2003/7/19,2003,25,2013/5/18,,diazm003,diazma02,9.84,m
harderi01,1981,11,30,CAN,BC,Rich,Harden,190,73,L,R,2003/7/21,2003,22,2011/9/25,,hardr001,harderi01,8.19,m
mitrese01,1981,2,16,USA,CA,Sergio,Mitre,225,75,R,R,2003/7/22,2003,22,2011/7/15,,mitrs001,mitrese01,7.99,m
quinlro01,1977,3,17,USA,MN,Robb,Quinlan,200,73,R,R,2003/7/28,2003,26,2010/6/25,,quinr002,quinlro01,6.92,m
nivarra01,1980,2,22,D.R.,San Cristobal,Ramon,Nivar,185,70,R,R,2003/7/30,2003,23,2005/6/11,,nivar001,nivarra01,1.87,s
jonesgr01,1976,11,15,USA,FL,Greg,Jones,190,74,R,R,2003/7/30,2003,27,2007/8/18,,joneg001,jonesgr01,4.05,s
corcoro01,1980,5,11,USA,LA,Roy,Corcoran,190,70,R,R,2003/7/30,2003,23,2009/7/21,,corcr001,corcoro01,5.98,s
gaudich01,1983,3,24,USA,LA,Chad,Gaudin,190,70,R,R,2003/8/1,2003,20,2013/8/16,,gaudc001,gaudich01,10.05,l
switzjo01,1979,8,13,USA,KY,Jon,Switzer,190,75,L,L,2003/8/2,2003,24,2009/6/22,,switj001,switzjo01,5.89,s
gobblji01,1981,7,19,USA,TN,Jimmy,Gobble,190,75,L,L,2003/8/3,2003,22,2009/7/5,,gobbj001,gobblji01,5.93,s
atkinga01,1979,12,12,USA,CA,Garrett,Atkins,190,74,R,R,2003/8/3,2003,24,2010/6/25,,atkig001,atkinga01,6.9,m
gonzami02,1978,5,23,USA,TX,Mike,Gonzalez,200,74,R,L,2003/8/11,2003,25,2013/9/28,,gonzm001,gonzami02,10.14,l
putzjj01,1977,2,22,USA,MI,J. J.,Putz,250,77,R,R,2003/8/11,2003,26,2014/6/19,,putzj001,putzjj01,10.86,l
dominju01,1980,5,18,D.R.,Sanchez Ramirez,Juan,Dominguez,180,74,R,R,2003/8/12,2003,23,2005/10/1,,domij001,dominju01,2.14,s
adkinjo01,1977,8,30,USA,WV,Jon,Adkins,200,72,L,R,2003/8/14,2003,26,2008/9/27,,adkij001,adkinjo01,5.13,s
sweenbr01,1974,6,13,USA,NY,Brian,Sweeney,200,74,R,R,2003/8/16,2003,29,2010/10/1,,sweeb001,sweenbr01,7.13,m
lindeto01,1980,6,30,USA,WA,Todd,Linden,225,74,B,R,2003/8/18,2003,23,2007/9/30,,lindt001,lindeto01,4.12,s
woodmi01,1980,4,26,USA,FL,Mike,Wood,190,75,R,R,2003/8/21,2003,23,2007/9/28,,woodm002,woodmi01,4.11,s
hessmmi01,1978,3,5,USA,CA,Mike,Hessman,215,77,R,R,2003/8/22,2003,25,2010/10/3,,hessm001,hessmmi01,7.12,m
valenjo04,1979,12,24,USA,NV,Joe,Valentine,190,74,R,R,2003/8/24,2003,24,2005/9/30,,valej005,valenjo04,2.1,s
gearyge01,1976,8,26,USA,NY,Geoff,Geary,180,72,R,R,2003/8/27,2003,27,2009/5/13,,gearg001,gearyge01,5.72,s
waechdo01,1981,1,28,USA,FL,Doug,Waechter,200,76,R,R,2003/8/27,2003,22,2009/8/11,,waecd001,waechdo01,5.96,s
cordech01,1982,3,18,USA,CA,Chad,Cordero,220,72,R,R,2003/8/30,2003,21,2010/7/9,,cordc001,cordech01,6.86,m
bowenro01,1981,2,24,USA,TX,Rob,Bowen,210,74,B,R,2003/9/1,2003,22,2008/9/24,,bower002,bowenro01,5.07,s
garcida03,1980,4,12,USA,CA,Daniel,Garcia,180,72,R,R,2003/9/2,2003,23,2004/10/3,,garcd002,garcida03,1.09,s
stronja01,1978,8,5,USA,CA,Jamal,Strong,180,70,R,R,2003/9/2,2003,25,2005/9/11,,stroj002,stronja01,2.03,s
laforpe01,1978,1,27,CAN,QC,Pete,LaForest,210,74,L,R,2003/9/2,2003,25,2007/9/27,,lafop001,laforpe01,4.07,s
crosbbo01,1980,1,12,USA,CA,Bobby,Crosby,210,75,R,R,2003/9/2,2003,23,2010/8/21,,crosb002,crosbbo01,6.97,m
greenkh01,1979,10,21,USA,PA,Khalil,Greene,210,71,R,R,2003/9/3,2003,24,2009/10/4,,greek002,greenkh01,6.09,m
quinthu01,1979,8,2,Venezuela,Zulia,Humberto,Quintero,210,70,R,R,2003/9/3,2003,24,2014/9/27,,quinh001,quinthu01,11.07,l
depaujo01,1978,11,10,D.R.,Monte Plata,Jorge,De Paula,160,73,R,R,2003/9/5,2003,25,2005/9/27,,depaj002,depaujo01,2.06,s
niekrla01,1979,1,29,USA,FL,Lance,Niekro,210,75,R,R,2003/9/5,2003,24,2007/5/2,,niekl001,niekrla01,3.66,s
lowryno01,1980,10,10,USA,CA,Noah,Lowry,190,74,R,L,2003/9/5,2003,23,2007/8/29,,lowrn001,lowryno01,3.98,s
hillko01,1979,3,9,USA,OK,Koyie,Hill,205,73,B,R,2003/9/5,2003,24,2014/7/20,,hillk002,hillko01,10.88,l
hernami01,1978,8,12,Cuba,La Habana,Michel,Hernandez,215,72,R,R,2003/9/6,2003,25,2009/8/5,,hernm002,hernami01,5.92,s
sardida01,1979,4,8,USA,HI,Dane,Sardinha,215,72,R,R,2003/9/6,2003,24,2011/6/15,,sardd001,sardida01,7.78,m
chulkvi01,1978,12,19,USA,FL,Vinnie,Chulk,200,74,R,R,2003/9/8,2003,25,2012/5/18,,chulv001,chulkvi01,8.7,m
bootcch01,1978,10,24,USA,IN,Chris,Bootcheck,210,77,R,R,2003/9/9,2003,25,2013/6/14,,bootc001,bootcch01,9.77,m
milesaa01,1976,12,15,USA,CA,Aaron,Miles,180,68,B,R,2003/9/11,2003,27,2011/9/27,,milea001,milesaa01,8.05,m
watsoma02,1978,9,5,USA,PA,Matt,Watson,205,71,L,R,2003/9/12,2003,25,2010/8/7,,watsm002,watsoma02,6.91,m
grabojo02,1978,11,4,USA,CA,John,Grabow,205,73,L,L,2003/9/14,2003,25,2011/9/20,,grabj002,grabojo02,8.02,m
edwarmi02,1976,11,24,USA,NY,Mike,Edwards,180,73,R,R,2003/9/20,2003,27,2006/7/1,,edwam001,edwarmi02,2.78,s
machaan01,1981,1,25,Venezuela,Distrito Federal,Anderson,Machado,189,72,B,R,2003/9/27,2003,22,2005/7/28,,macha001,machaan01,1.84,s
housejr01,1979,11,11,USA,WV,J. R.,House,215,72,R,R,2003/9/27,2003,24,2008/8/19,,housj001,housejr01,4.9,s
wuertmi01,1978,12,15,USA,MN,Michael,Wuertz,225,74,R,R,2004/4/5,2004,26,2011/9/20,,wuerm001,wuertmi01,7.46,m
campsh01,1975,11,18,USA,VA,Shawn,Camp,205,73,R,R,2004/4/5,2004,29,2014/5/7,,camps002,campsh01,10.09,l
gonzalu02,1979,6,26,Venezuela,Aragua,Luis,Gonzalez,170,71,R,R,2004/4/6,2004,25,2006/8/29,,gonzl004,gonzalu02,2.4,s
otsukak01,1972,1,13,Japan,Chiba,Akinori,Otsuka,200,72,R,R,2004/4/6,2004,32,2007/7/1,,otsua001,otsukak01,3.24,s
sledgte01,1977,3,18,USA,NC,Terrmel,Sledge,185,72,L,L,2004/4/6,2004,27,2007/10/1,,sledt001,sledgte01,3.49,s
benneje01,1980,6,10,USA,TN,Jeff,Bennett,200,75,R,R,2004/4/6,2004,24,2009/10/4,,bennj002,benneje01,5.5,s
matsuka01,1975,10,23,Japan,Osaka,Kazuo,Matsui,187,70,B,R,2004/4/6,2004,29,2010/5/18,,matsk001,matsuka01,6.12,m
bentzch01,1980,5,5,USA,AK,Chad,Bentz,215,74,R,L,2004/4/7,2004,24,2005/6/21,,bentc001,bentzch01,1.21,s
johnsmi03,1979,3,30,USA,PA,Mike,Johnston,215,74,L,L,2004/4/7,2004,25,2005/6/24,,johnm005,johnsmi03,1.21,s
castijo02,1981,3,19,Venezuela,Guarico,Jose,Castillo,210,73,R,R,2004/4/7,2004,23,2008/9/28,,castj005,castijo02,4.48,s
thompri02,1979,4,23,USA,PA,Rich,Thompson,190,74,L,R,2004/4/7,2004,25,2012/10/3,,thomr005,thompri02,8.5,m
lunahe01,1980,2,1,D.R.,Monte Cristi,Hector,Luna,190,73,R,R,2004/4/8,2004,24,2012/8/17,,lunah001,lunahe01,8.36,m
takatsh01,1968,11,25,Japan,Hiroshima,Shingo,Takatsu,180,72,R,R,2004/4/9,2004,36,2005/10/2,,takas001,takatsh01,1.48,s
yatesty01,1977,8,7,USA,HI,Tyler,Yates,220,76,R,R,2004/4/9,2004,27,2009/5/15,,yatet001,yatesty01,5.1,s
daiglca01,1981,4,4,USA,LA,Casey,Daigle,220,78,R,R,2004/4/9,2004,23,2010/7/18,,daigc001,daiglca01,6.28,m
sheltch01,1980,6,26,USA,UT,Chris,Shelton,220,72,R,R,2004/4/15,2004,24,2009/7/30,,shelc001,sheltch01,5.29,s
gramaal01,1977,11,17,USA,IN,Alex,Graman,210,76,L,L,2004/4/20,2004,27,2005/7/27,,grama001,gramaal01,1.27,s
proctsc01,1977,1,2,USA,FL,Scott,Proctor,195,73,R,R,2004/4/20,2004,27,2011/9/28,,procs001,proctsc01,7.44,m
tracych01,1980,5,22,USA,NC,Chad,Tracy,205,73,L,R,2004/4/21,2004,24,2013/9/28,,tracc001,tracych01,9.44,m
dinarle01,1979,9,19,USA,FL,Lenny,DiNardo,220,74,L,L,2004/4/23,2004,25,2009/10/2,,dinal001,dinarle01,5.45,s
pascuva01,1978,11,17,USA,CA,Val,Pascucci,265,78,R,R,2004/4/26,2004,26,2011/9/27,,pascv001,pascuva01,7.42,m
tadanka01,1980,4,25,Japan,Tokyo,Kazuhito,Tadano,180,72,R,R,2004/4/27,2004,24,2005/7/16,,tadak001,tadanka01,1.22,s
dallibr01,1973,11,15,USA,NV,Brian,Dallimore,180,73,R,R,2004/4/29,2004,31,2005/7/8,,dallb001,dallibr01,1.19,s
mcdonda02,1978,11,17,USA,CO,Darnell,McDonald,205,71,R,R,2004/4/30,2004,26,2013/9/29,,mcdod002,mcdonda02,9.42,m
hawpebr01,1979,6,22,USA,TX,Brad,Hawpe,190,74,L,L,2004/5/1,2004,25,2013/7/22,,hawpb001,hawpebr01,9.23,m
hairssc01,1980,5,25,USA,TX,Scott,Hairston,200,72,R,R,2004/5/7,2004,24,2014/9/28,,hairs001,hairssc01,10.4,l
brunebr01,1982,2,17,USA,OR,Brian,Bruney,235,75,R,R,2004/5/8,2004,22,2012/6/24,,brunb001,brunebr01,8.13,m
kotchca01,1983,2,22,USA,FL,Casey,Kotchman,220,75,L,L,2004/5/9,2004,21,2013/6/8,,kotcc001,kotchca01,9.09,m
cabreda01,1981,5,28,D.R.,San Pedro de Macoris,Daniel,Cabrera,225,79,R,R,2004/5/13,2004,23,2009/10/3,,cabrd001,cabreda01,5.39,s
francfr01,1979,9,11,D.R.,Distrito Nacional,Frank,Francisco,250,74,R,R,2004/5/14,2004,25,2014/5/20,,franf001,francfr01,10.02,l
bartocl01,1979,9,5,USA,TX,Cliff,Bartosh,175,74,L,L,2004/5/15,2004,25,2005/6/18,,bartc001,bartocl01,1.09,s
dohmasc01,1978,2,13,USA,LA,Scott,Dohmann,200,73,R,R,2004/5/15,2004,26,2008/5/7,,dohms001,dohmasc01,3.98,s
greenni01,1978,9,10,USA,FL,Nick,Green,190,71,R,R,2004/5/15,2004,26,2013/5/26,,green001,greenni01,9.04,m
youklke01,1979,3,15,USA,OH,Kevin,Youkilis,220,73,R,R,2004/5/15,2004,25,2013/6/13,,youkk001,youklke01,9.08,m
simpsal01,1977,8,26,USA,IL,Allan,Simpson,180,76,R,R,2004/5/17,2004,27,2006/6/9,,simpa001,simpsal01,2.06,s
adamsmi03,1978,7,29,USA,TX,Mike,Adams,210,77,R,R,2004/5/18,2004,26,2014/9/18,,adamm001,adamsmi03,10.34,l
duboija01,1979,3,26,USA,VA,Jason,Dubois,220,77,R,R,2004/5/19,2004,25,2005/8/19,,duboj001,duboija01,1.25,s
germaju01,1982,8,6,USA,CA,Justin,Germano,210,74,R,R,2004/5/22,2004,22,2014/5/13,,germj001,germaju01,9.98,m
ramirel01,1983,1,28,D.R.,Santo Domingo,Elizardo,Ramirez,180,72,B,R,2004/5/25,2004,21,2008/6/4,,ramie002,ramirel01,4.03,s
bautide01,1982,10,23,D.R.,Samana,Denny,Bautista,190,77,R,R,2004/5/25,2004,22,2010/8/4,,bautd002,bautide01,6.2,m
olsonti01,1978,8,1,USA,ND,Tim,Olson,200,74,R,R,2004/5/30,2004,26,2005/6/19,,olsot001,olsonti01,1.05,s
knottjo02,1978,8,4,USA,VA,Jon,Knott,220,75,R,R,2004/5/30,2004,26,2007/7/22,,knotj001,knottjo02,3.15,s
burnese01,1982,9,17,USA,FL,Sean,Burnett,180,73,L,L,2004/5/30,2004,22,2014/5/27,,burns001,burnese01,10,l
rodried03,1981,8,8,D.R.,San Pedro de Macoris,Eddy,Rodriguez,194,73,R,R,2004/5/31,2004,23,2006/7/31,,rodre002,rodried03,2.17,s
nageocl01,1980,10,25,USA,OH,Clint,Nageotte,200,75,R,R,2004/6/1,2004,24,2006/4/23,,nagec001,nageocl01,1.89,s
hendrbe01,1981,2,4,USA,MN,Ben,Hendrickson,190,76,R,R,2004/6/2,2004,23,2006/5/20,,hendb001,hendrbe01,1.96,s
treanma01,1976,3,3,USA,CA,Matt,Treanor,200,72,R,R,2004/6/2,2004,28,2012/9/26,,tream001,treanma01,8.32,m
freemch01,1979,10,20,USA,AR,Choo,Freeman,200,74,R,R,2004/6/4,2004,25,2006/9/30,,freec001,freemch01,2.32,s
leicejo01,1979,2,7,USA,CA,Jon,Leicester,220,75,R,R,2004/6/9,2004,25,2007/9/28,,leicj001,leicejo01,3.3,s
greenan01,1977,7,7,USA,KY,Andy,Green,165,69,R,R,2004/6/12,2004,27,2009/8/21,,greea001,greenan01,5.19,s
guerrma02,1978,8,2,USA,OH,Matt,Guerrier,195,75,R,R,2004/6/17,2004,26,2014/7/22,,guerm001,guerrma02,10.1,l
halsebr01,1981,2,14,USA,TX,Brad,Halsey,185,73,L,L,2004/6/19,2004,23,2006/10/1,,halsb001,halsebr01,2.28,s
munozar01,1982,6,21,D.R.,Valverde,Arnie,Munoz,185,69,L,L,2004/6/19,2004,22,2007/9/28,,munoa001,munozar01,3.28,s
cormila01,1980,8,19,USA,LA,Lance,Cormier,200,73,R,R,2004/6/19,2004,24,2011/5/21,,corml001,cormila01,6.92,m
lehrju01,1977,8,3,USA,CA,Justin,Lehr,205,74,R,R,2004/6/20,2004,27,2009/10/2,,lehrj001,lehrju01,5.29,s
gathrjo01,1981,4,27,USA,MS,Joey,Gathright,175,70,L,R,2004/6/25,2004,23,2011/9/28,,gathj001,gathrjo01,7.26,m
buckjo01,1980,7,7,USA,WY,John,Buck,245,75,R,R,2004/6/25,2004,24,2014/9/28,,buckj001,buckjo01,10.27,l
aguilch01,1979,2,23,USA,CA,Chris,Aguila,200,71,R,R,2004/6/28,2004,25,2008/7/10,,aguic001,aguilch01,4.04,s
fortuba01,1974,8,24,D.R.,Distrito Nacional,Bartolome,Fortunato,210,73,R,R,2004/6/29,2004,30,2006/5/7,,fortb001,fortuba01,1.85,s
hillsh01,1981,4,28,CAN,ON,Shawn,Hill,180,74,R,R,2004/6/29,2004,23,2012/9/29,,hills003,hillsh01,8.26,m
clossjd01,1980,1,15,USA,IN,JD,Closser,205,70,B,R,2004/6/30,2004,24,2006/10/1,,closj001,clossjd01,2.25,s
blacktr01,1982,11,4,Australia,Victoria,Travis,Blackley,190,75,L,L,2004/7/1,2004,22,2013/9/13,,blact001,blacktr01,9.21,m
leoneju01,1977,3,9,USA,NV,Justin,Leone,210,73,R,R,2004/7/2,2004,27,2006/7/21,,leonj003,leoneju01,2.05,s
aquingr01,1978,1,11,D.R.,San Cristobal,Greg,Aquino,190,73,R,R,2004/7/2,2004,26,2009/6/17,,aquig001,aquingr01,4.96,s
bushda01,1979,11,9,USA,PA,Dave,Bush,205,74,R,R,2004/7/2,2004,25,2013/4/7,,bushd001,bushda01,8.77,m
burkech01,1980,3,11,USA,KY,Chris,Burke,180,71,R,R,2004/7/4,2004,24,2009/6/7,,burkc001,burkech01,4.93,s
harribr01,1980,8,26,USA,NY,Brendan,Harris,200,73,R,R,2004/7/6,2004,24,2013/7/10,,harrb001,harribr01,9.02,m
willijo03,1979,2,17,USA,AL,Josh,Willingham,230,74,R,R,2004/7/6,2004,25,2014/9/28,,willj004,willijo03,10.24,l
padilju01,1977,2,17,P.R.,,Juan,Padilla,210,72,R,R,2004/7/16,2004,27,2005/10/1,,padij001,padilju01,1.21,s
sherrge01,1977,4,19,USA,TN,George,Sherrill,225,72,L,L,2004/7/16,2004,27,2012/4/9,,sherg001,sherrge01,7.74,m
cantujo01,1982,1,30,USA,TX,Jorge,Cantu,205,75,R,R,2004/7/17,2004,22,2011/6/14,,cantj001,cantujo01,6.91,m
loganno01,1979,11,28,USA,MS,Nook,Logan,180,74,B,R,2004/7/21,2004,25,2007/9/30,,logan001,loganno01,3.19,s
alvarab01,1982,10,17,USA,CA,Abe,Alvarez,190,74,L,L,2004/7/22,2004,22,2006/5/21,,alvaa001,alvarab01,1.83,s
mainejo01,1981,5,8,USA,VA,John,Maine,220,76,R,R,2004/7/23,2004,23,2013/4/18,,mainj001,mainejo01,8.74,m
novoaro01,1979,8,15,D.R.,San Juan,Roberto,Novoa,200,77,R,R,2004/7/29,2004,25,2006/9/30,,novor002,novoaro01,2.17,s
lopezjo01,1983,11,24,Venezuela,Anzoategui,Jose,Lopez,205,72,R,R,2004/7/31,2004,21,2012/10/3,,lopej003,lopezjo01,8.18,m
valdeme01,1981,11,5,D.R.,San Cristobal,Merkin,Valdez,235,75,R,R,2004/8/1,2004,23,2011/9/25,,valdm003,valdeme01,7.15,m
gotayru01,1982,12,25,P.R.,,Ruben,Gotay,175,71,B,R,2004/8/3,2004,22,2008/9/28,,gotar001,gotayru01,4.16,s
bartlja01,1979,10,30,USA,CA,Jason,Bartlett,190,72,R,R,2004/8/3,2004,25,2014/4/6,,bartj001,bartlja01,9.68,m
brazoyh01,1980,6,11,D.R.,Distrito Nacional,Yhency,Brazoban,250,73,R,R,2004/8/5,2004,24,2011/7/19,,brazy001,brazoyh01,6.96,m
crainje01,1981,7,5,CAN,ON,Jesse,Crain,215,73,R,R,2004/8/5,2004,23,2013/6/29,,craij001,crainje01,8.9,m
piedrjo01,1979,4,17,USA,CA,Jorge,Piedra,190,72,L,L,2004/8/7,2004,25,2006/8/10,,piedj001,piedrjo01,2.01,s
hennebr01,1980,2,7,USA,OH,Brad,Hennessey,195,74,R,R,2004/8/7,2004,24,2008/9/26,,hennb001,hennebr01,4.14,s
grossga01,1979,10,21,USA,MD,Gabe,Gross,200,75,L,R,2004/8/7,2004,25,2010/10/3,,grosg002,grossga01,6.16,m
baekch01,1980,5,29,South Korea,,Cha-Seung,Baek,190,76,R,R,2004/8/8,2004,24,2008/9/28,,baekc001,baekch01,4.14,s
brazecr01,1980,5,10,USA,AL,Craig,Brazell,210,75,L,R,2004/8/17,2004,24,2007/9/30,,brazc001,brazecr01,3.12,s
guzmafr01,1981,1,20,D.R.,Distrito Nacional,Freddy,Guzman,165,70,B,R,2004/8/17,2004,23,2013/9/18,,guzmf001,guzmafr01,9.09,m
vanbejo01,1980,4,14,USA,CA,John,Van Benschoten,215,76,R,R,2004/8/18,2004,24,2008/7/26,,vanbj001,vanbejo01,3.94,s
snellia01,1981,10,30,USA,DE,Ian,Snell,200,71,R,R,2004/8/20,2004,23,2010/6/14,,sneli001,snellia01,5.82,s
cabrefe01,1981,11,16,P.R.,,Fernando,Cabrera,225,76,R,R,2004/8/20,2004,23,2010/7/16,,cabrf002,cabrefe01,5.91,s
keppije01,1980,4,21,USA,FL,Jeff,Keppinger,185,72,R,R,2004/8/20,2004,24,2013/9/23,,keppj001,keppije01,9.1,m
churcry01,1978,10,14,USA,CA,Ryan,Church,190,73,L,L,2004/8/21,2004,26,2010/10/2,,churr001,churcry01,6.12,m
colonro01,1979,8,13,D.R.,Monte Cristi,Roman,Colon,245,77,R,R,2004/8/21,2004,25,2012/6/22,,color001,colonro01,7.84,m
snydech02,1981,2,12,USA,TX,Chris,Snyder,235,76,R,R,2004/8/21,2004,23,2013/9/28,,snydc002,snydech02,9.11,m
mcleama01,1974,10,26,USA,OH,Marty,McLeary,220,77,R,R,2004/8/22,2004,30,2007/5/19,,mclem002,mcleama01,2.74,s
gilje01,1982,10,14,D.R.,San Pedro de Macoris,Jerry,Gil,215,75,R,R,2004/8/22,2004,22,2007/9/27,,gil-j001,gilje01,3.1,s
bellhe01,1977,9,29,USA,CA,Heath,Bell,235,75,R,R,2004/8/24,2004,27,2014/5/3,,bellh001,bellhe01,9.7,m
majewga01,1980,2,26,USA,TX,Gary,Majewski,200,74,R,R,2004/8/26,2004,24,2010/7/20,,majeg001,majewga01,5.9,s
liriape01,1980,10,23,D.R.,Sanchez Ramirez,Pedro,Liriano,170,74,R,R,2004/8/27,2004,24,2005/9/18,,lirip001,liriape01,1.06,s
izturma01,1980,9,12,Venezuela,Lara,Maicer,Izturis,185,68,B,R,2004/8/27,2004,24,2014/4/13,,iztum001,izturma01,9.63,m
kubelja01,1982,5,25,USA,SD,Jason,Kubel,220,72,L,R,2004/8/31,2004,22,2014/6/6,,kubej002,kubelja01,9.77,m
tiffete01,1979,4,21,USA,AR,Terry,Tiffee,225,74,B,R,2004/9/1,2004,25,2008/6/5,,tifft001,tiffete01,3.76,s
adamsru01,1980,8,30,USA,NC,Russ,Adams,205,72,L,R,2004/9/3,2004,24,2009/6/30,,adamr002,adamsru01,4.82,s
bajenje01,1978,3,21,USA,CA,Jeff,Bajenaru,190,73,R,R,2004/9/4,2004,26,2006/8/7,,bajej001,bajenje01,1.92,s
quirogu01,1981,11,29,Venezuela,Zulia,Guillermo,Quiroz,215,73,R,R,2004/9/4,2004,23,2014/9/13,,quirg001,quirogu01,10.03,l
taverwi01,1981,12,25,D.R.,Hermanas Mirabal,Willy,Taveras,180,72,R,R,2004/9/6,2004,23,2010/5/15,,tavew001,taverwi01,5.69,s
valdewi01,1978,5,20,D.R.,Peravia,Wilson,Valdez,170,71,R,R,2004/9/7,2004,26,2012/10/3,,valdw001,valdewi01,8.08,m
rakeraa01,1977,1,22,USA,IL,Aaron,Rakers,205,75,R,R,2004/9/8,2004,27,2007/4/19,,rakea001,rakeraa01,2.61,s
calica01,1978,11,4,USA,OH,Carmen,Cali,185,70,L,L,2004/9/8,2004,26,2007/9/16,,calic001,calica01,3.02,s
durbijd01,1982,2,24,USA,OR,J. D.,Durbin,210,72,R,R,2004/9/8,2004,22,2007/9/20,,durbj001,durbijd01,3.03,s
reedje03,1981,6,15,USA,CA,Jeremy,Reed,195,72,L,L,2004/9/8,2004,23,2011/4/10,,reedj004,reedje03,6.59,m
dobbsgr01,1978,7,2,USA,CA,Greg,Dobbs,205,73,L,R,2004/9/8,2004,26,2014/6/24,,dobbg001,dobbsgr01,9.8,m
urdanli01,1979,11,20,Venezuela,Distrito Federal,Lino,Urdaneta,220,73,R,R,2004/9/9,2004,25,2007/5/7,,urdal001,urdanli01,2.66,s
goslimi01,1980,9,23,USA,WI,Mike,Gosling,210,74,L,L,2004/9/9,2004,24,2009/10/3,,goslm001,goslimi01,5.07,s
phillpa01,1977,4,15,USA,AL,Paul,Phillips,200,71,R,R,2004/9/9,2004,27,2010/10/3,,philp001,phillpa01,6.07,m
mcpheda01,1980,7,23,USA,NC,Dallas,McPherson,225,76,L,R,2004/9/10,2004,24,2011/5/29,,mcphd001,mcpheda01,6.72,m
dunnsc01,1978,5,23,USA,TX,Scott,Dunn,180,75,R,R,2004/9/11,2004,26,2006/4/25,,dunns002,dunnsc01,1.62,s
diazvi01,1981,12,10,D.R.,Distrito Nacional,Victor,Diaz,210,72,R,R,2004/9/11,2004,23,2007/7/7,,diazv001,diazvi01,2.82,s
willira01,1975,9,18,USA,TX,Randy,Williams,200,75,L,L,2004/9/11,2004,29,2011/8/5,,willr003,willira01,6.9,m
capeljo01,1981,1,13,D.R.,Sanchez Ramirez,Jose,Capellan,245,76,R,R,2004/9/12,2004,23,2008/4/26,,capej001,capeljo01,3.62,s
phillan01,1977,4,6,USA,AL,Andy,Phillips,205,72,R,R,2004/9/14,2004,27,2008/9/22,,phila001,phillan01,4.02,s
meyerda02,1981,7,3,USA,NJ,Dan,Meyer,225,74,R,L,2004/9/14,2004,23,2010/7/10,,meyed002,meyerda02,5.82,s
murphdo01,1983,3,10,USA,CA,Donnie,Murphy,190,70,R,R,2004/9/18,2004,21,2014/7/4,,murpd004,murphdo01,9.8,m
chacigu01,1980,12,4,Venezuela,Zulia,Gustavo,Chacin,205,71,L,L,2004/9/20,2004,24,2010/9/30,,chacg001,chacigu01,6.03,m
crucefr01,1981,7,4,D.R.,La Vega,Francisco,Cruceta,215,74,R,R,2004/9/21,2004,23,2008/6/2,,crucf001,crucefr01,3.7,s
leagubr01,1983,3,16,USA,CA,Brandon,League,200,74,R,R,2004/9/21,2004,21,2014/9/27,,leagb001,leagubr01,10.02,l
hughetr01,1978,5,25,USA,KS,Travis,Hughes,235,77,R,R,2004/9/26,2004,26,2006/8/20,,hught001,hughetr01,1.9,s
loeka01,1981,9,10,USA,CA,Kameron,Loe,245,80,R,R,2004/9/26,2004,23,2013/9/28,,loe-k001,loeka01,9.01,m
rosemi01,1976,8,25,USA,CA,Mike,Rose,185,73,B,R,2004/10/1,2004,28,2006/10/1,,rosem001,rosemi01,2,s
knoedju01,1980,7,17,USA,IL,Justin,Knoedler,210,74,R,R,2004/10/3,2004,24,2006/9/30,,knoej001,knoedju01,1.99,s
siscoan01,1983,1,13,USA,CO,Andy,Sisco,270,82,L,L,2005/4/4,2005,22,2007/5/27,,sisca001,siscoan01,2.15,s
iguchta01,1974,12,4,Japan,Tokyo,Tadahito,Iguchi,185,70,R,R,2005/4/4,2005,31,2008/9/28,,iguct001,iguchta01,3.49,s
speiery01,1979,7,24,USA,KY,Ryan,Speier,210,79,R,R,2005/4/4,2005,26,2009/4/18,,speir001,speiery01,4.04,s
sullico01,1979,8,20,USA,OK,Cory,Sullivan,200,72,L,L,2005/4/4,2005,26,2010/6/20,,sullc001,sullico01,5.21,s
teahema01,1981,9,6,USA,CA,Mark,Teahen,230,75,L,R,2005/4/4,2005,24,2011/9/28,,teahm001,teahema01,6.49,m
orrpe01,1979,6,8,CAN,ON,Pete,Orr,195,73,L,R,2005/4/5,2005,26,2013/9/26,,orr-p001,orrpe01,8.48,m
scottlu01,1978,6,25,USA,FL,Luke,Scott,220,72,L,R,2005/4/5,2005,27,2013/9/27,,scotl001,scottlu01,8.48,m
carvama01,1984,8,19,Venezuela,Bolivar,Marcos,Carvajal,175,76,R,R,2005/4/6,2005,21,2007/9/29,,carvm001,carvama01,2.48,s
repkoja01,1980,12,27,USA,IN,Jason,Repko,200,71,R,R,2005/4/6,2005,25,2012/4/20,,repkj001,repkoja01,7.04,m
duffych01,1980,4,20,USA,VT,Chris,Duffy,185,70,L,L,2005/4/7,2005,25,2009/5/14,,duffc001,duffych01,4.1,s
woodsja01,1981,9,3,USA,CA,Jake,Woods,190,73,L,L,2005/4/8,2005,24,2008/9/18,,woodj002,woodsja01,3.45,s
houltdj01,1979,8,12,USA,CA,D. J.,Houlton,235,76,R,R,2005/4/9,2005,26,2007/9/30,,hould001,houltdj01,2.48,s
yabuke01,1968,9,28,Japan,Mie,Keiichi,Yabu,200,72,R,R,2005/4/9,2005,37,2008/9/27,,yabuk001,yabuke01,3.47,s
fontemi01,1980,6,9,USA,LA,Mike,Fontenot,165,69,L,R,2005/4/13,2005,25,2012/7/29,,fontm001,fontemi01,7.3,m
coffeto01,1980,9,9,USA,NC,Todd,Coffey,240,76,R,R,2005/4/19,2005,25,2012/7/2,,cofft001,coffeto01,7.21,m
burgoam01,1984,4,19,D.R.,Maria Trinidad Sanchez,Ambiorix,Burgos,235,75,R,R,2005/4/23,2005,21,2007/5/26,,burga001,burgoam01,2.09,s
cedenro02,1983,2,2,Venezuela,Carabobo,Ronny,Cedeno,195,72,R,R,2005/4/23,2005,22,2014/6/28,,ceder002,cedenro02,9.19,m
beanco01,1977,1,16,USA,AL,Colter,Bean,255,78,R,R,2005/4/26,2005,28,2007/5/4,,beanc001,beanco01,2.02,s
ringro01,1980,12,21,USA,CA,Royce,Ring,220,72,L,L,2005/4/29,2005,25,2010/10/3,,ringr001,ringro01,5.43,s
wangch01,1980,3,31,Taiwan,,Chien-Ming,Wang,225,76,R,R,2005/4/30,2005,25,2013/8/24,,wangc001,wangch01,8.32,m
lopezpe01,1984,4,28,D.R.,Espaillat,Pedro,Lopez,190,73,R,R,2005/5/1,2005,21,2007/9/30,,lopep001,lopezpe01,2.42,s
astacez01,1979,11,4,D.R.,Hato Mayor,Ezequiel,Astacio,200,75,R,R,2005/5/3,2005,26,2006/5/10,,astae001,astacez01,1.02,s
accarje01,1981,12,18,USA,AZ,Jeremy,Accardo,195,72,R,R,2005/5/4,2005,24,2012/9/27,,accaj001,accarje01,7.41,m
hennse01,1981,4,23,USA,TX,Sean,Henn,235,75,R,L,2005/5/4,2005,24,2013/9/23,,henns001,hennse01,8.39,m
meredcl01,1983,6,4,USA,VA,Cla,Meredith,180,72,R,R,2005/5/8,2005,22,2010/5/27,,merec001,meredcl01,5.05,s
thompbr01,1982,1,31,USA,NV,Brad,Thompson,190,73,R,R,2005/5/8,2005,23,2010/6/2,,thomb002,thompbr01,5.07,s
nunezle01,1982,3,15,D.R.,Monsenor Nouel,Juan Carlos,Oviedo,195,74,R,R,2005/5/9,2005,23,2014/7/19,,nunel001,nunezle01,9.2,m
robleos01,1976,4,9,Mexico,Baja California,Oscar,Robles,190,70,L,R,2005/5/10,2005,29,2007/10/1,,roblo001,robleos01,2.39,s
tejedro01,1982,3,24,D.R.,Peravia,Rob,Tejeda,245,74,R,R,2005/5/10,2005,23,2011/5/25,,tejer001,tejedro01,6.04,m
muntesc01,1980,3,7,USA,NE,Scott,Munter,260,78,R,R,2005/5/11,2005,25,2007/9/28,,munts001,muntesc01,2.38,s
fioreje01,1983,4,14,USA,FL,Jeff,Fiorentino,185,73,L,R,2005/5/12,2005,22,2009/10/4,,fiorj001,fioreje01,4.4,s
burnsmi01,1978,7,14,USA,CA,Mike,Burns,210,73,R,R,2005/5/13,2005,27,2009/9/22,,burnm001,burnsmi01,4.36,s
dillojo02,1975,8,2,USA,CA,Joe,Dillon,210,74,R,R,2005/5/18,2005,30,2009/8/4,,dillj001,dillojo02,4.22,s
campijo01,1978,8,10,Mexico,Baja California,Jorge,Campillo,230,72,R,R,2005/5/20,2005,27,2009/5/28,,campj002,campijo01,4.02,s
rodrilu01,1980,6,27,Venezuela,Cojedes,Luis,Rodriguez,190,69,B,R,2005/5/21,2005,25,2011/9/27,,rodrl002,rodrilu01,6.36,m
bazaryo01,1984,7,11,Venezuela,Aragua,Yorman,Bazardo,230,74,R,R,2005/5/26,2005,21,2009/10/3,,bazay001,bazaryo01,4.36,s
pennha01,1984,10,13,USA,CA,Hayden,Penn,200,75,R,R,2005/5/28,2005,21,2010/4/11,,pennh001,pennha01,4.87,s
shoppke01,1980,4,29,USA,TX,Kelly,Shoppach,220,72,R,R,2005/5/28,2005,25,2013/9/12,,shopk001,shoppke01,8.3,m
orvelch01,1980,10,1,USA,WA,Chad,Orvella,190,71,R,R,2005/5/31,2005,25,2007/6/8,,orvec001,orvelch01,2.02,s
koronjo01,1980,7,3,USA,FL,John,Koronka,200,72,L,L,2005/6/1,2005,25,2009/5/17,,koroj001,koronjo01,3.96,s
costash01,1981,12,12,USA,CA,Shane,Costa,205,72,L,R,2005/6/2,2005,24,2007/9/30,,costs001,costash01,2.33,s
doumiry01,1981,4,3,USA,WA,Ryan,Doumit,220,73,B,R,2005/6/5,2005,24,2014/9/28,,doumr001,doumiry01,9.32,m
osorifr01,1981,9,12,D.R.,Santiago,Franquelis,Osoria,210,72,R,R,2005/6/7,2005,24,2008/7/30,,osorf001,osorifr01,3.15,s
martean01,1983,10,21,D.R.,Hermanas Mirabal,Andy,Marte,205,73,R,R,2005/6/7,2005,22,2014/8/6,,marta004,martean01,9.17,m
taschja01,1978,4,21,USA,WI,Jack,Taschner,190,75,L,L,2005/6/11,2005,27,2010/7/28,,tascj001,taschja01,5.13,s
corcoti02,1978,4,15,USA,LA,Tim,Corcoran,205,74,R,R,2005/6/14,2005,27,2007/6/8,,corct002,corcoti02,1.98,s
shealry01,1979,8,29,USA,FL,Ryan,Shealy,240,77,R,R,2005/6/14,2005,26,2010/7/20,,shear001,shealry01,5.1,s
raych01,1982,1,12,USA,FL,Chris,Ray,210,75,R,R,2005/6/14,2005,23,2011/7/29,,ray-c001,raych01,6.13,m
florero01,1979,8,9,USA,CA,Ron,Flores,190,71,L,L,2005/6/17,2005,26,2007/7/2,,florr002,florero01,2.04,s
meddebr01,1980,1,26,USA,AL,Brandon,Medders,195,74,R,R,2005/6/20,2005,25,2010/5/19,,meddb001,meddebr01,4.92,s
baylijo01,1980,8,13,USA,MA,Jonah,Bayliss,200,73,R,R,2005/6/21,2005,25,2007/8/3,,baylj001,baylijo01,2.12,s
huberju01,1982,7,1,Australia,Victoria,Justin,Huber,200,74,R,R,2005/6/21,2005,23,2009/9/11,,hubej001,huberju01,4.23,s
messera01,1981,8,13,USA,NV,Randy,Messenger,260,78,R,R,2005/6/22,2005,24,2009/10/4,,messr001,messera01,4.29,s
mcanupa01,1981,2,24,USA,CA,Paul,McAnulty,225,71,L,R,2005/6/22,2005,24,2010/7/18,,mcanp001,mcanupa01,5.07,s
olsensc01,1984,1,12,USA,MI,Scott,Olsen,200,76,L,L,2005/6/25,2005,21,2010/9/17,,olses001,olsensc01,5.23,s
reeseke01,1978,3,11,USA,CA,Kevin,Reese,195,71,L,L,2005/6/26,2005,27,2006/7/4,,reesk001,reeseke01,1.02,s
shackbr01,1976,8,30,USA,OK,Brian,Shackelford,195,73,L,L,2005/6/26,2005,29,2006/9/20,,shacb001,shackbr01,1.24,s
johnsbe02,1981,6,18,USA,TN,Ben,Johnson,200,73,R,R,2005/6/26,2005,24,2007/6/10,,johnb003,johnsbe02,1.96,s
resopch01,1982,11,4,USA,FL,Chris,Resop,225,75,R,R,2005/6/28,2005,23,2013/5/14,,resoc001,resopch01,7.88,m
mclouna01,1981,10,28,USA,MI,Nate,McLouth,190,70,L,R,2005/6/29,2005,24,2014/8/1,,mclon001,mclouna01,9.1,m
cortefe01,1981,8,10,USA,CA,Fernando,Cortez,175,73,L,R,2005/7/5,2005,24,2007/7/3,,cortf001,cortefe01,1.99,s
whiteel03,1979,10,22,USA,MS,Eli,Whiteside,220,74,R,R,2005/7/5,2005,26,2014/6/21,,white004,whiteel03,8.97,m
jenksbo01,1981,3,14,USA,CA,Bobby,Jenks,275,76,R,R,2005/7/6,2005,24,2011/7/7,,jenkb001,jenksbo01,6.01,m
sternad01,1980,2,12,CAN,ON,Adam,Stern,190,71,L,R,2005/7/7,2005,25,2010/5/31,,stera001,sternad01,4.9,s
murtoma01,1981,10,3,USA,FL,Matt,Murton,220,73,R,R,2005/7/8,2005,24,2009/10/4,,murtm001,murtoma01,4.24,s
hoopeke01,1976,12,7,USA,KS,Kevin,Hooper,160,70,R,R,2005/7/9,2005,29,2006/9/24,,hoopk001,hoopeke01,1.21,s
greenad01,1981,2,21,USA,CT,Adam,Greenberg,180,69,L,L,2005/7/9,2005,24,2012/10/2,,greea002,greenad01,7.24,m
spilbry01,1979,9,5,USA,CA,Ryan,Spilborghs,200,73,R,R,2005/7/16,2005,26,2011/9/5,,spilr001,spilbry01,6.14,m
sandoda01,1979,4,7,Venezuela,Lara,Danny,Sandoval,190,71,B,R,2005/7/17,2005,26,2006/10/1,,sandd003,sandoda01,1.21,s
rodrijo03,1978,1,20,USA,NY,John,Rodriguez,225,72,L,L,2005/7/18,2005,27,2006/10/1,,rodrj002,rodrijo03,1.21,s
ambrech01,1979,12,19,USA,TX,Chip,Ambres,190,73,R,R,2005/7/20,2005,26,2008/9/28,,ambrc001,ambrech01,3.19,s
henslcl01,1979,8,31,USA,TX,Clay,Hensley,190,71,R,R,2005/7/20,2005,26,2012/10/3,,hensc002,henslcl01,7.21,m
mcbrima01,1982,10,24,USA,GA,Macay,McBride,210,71,L,L,2005/7/22,2005,23,2007/8/10,,mcbrm001,mcbrima01,2.05,s
eldrebr01,1980,7,12,USA,FL,Brad,Eldred,270,78,R,R,2005/7/22,2005,25,2012/5/2,,eldrb001,eldrebr01,6.78,m
galljo01,1978,4,2,USA,CA,John,Gall,195,72,R,R,2005/7/26,2005,27,2007/5/17,,gallj001,galljo01,1.81,s
delcama01,1982,2,16,USA,MA,Manny,Delcarmen,225,74,R,R,2005/7/26,2005,23,2010/9/30,,delcm001,delcama01,5.18,s
jacksco01,1982,5,7,USA,TX,Conor,Jackson,215,74,R,R,2005/7/28,2005,23,2011/9/25,,jackc002,jacksco01,6.16,m
betanyu01,1982,1,31,Cuba,Villa Clara,Yuniesky,Betancourt,205,70,R,R,2005/7/28,2005,23,2013/9/29,,betay001,betanyu01,8.18,m
quintom01,1981,10,24,USA,TX,Omar,Quintanilla,185,69,L,R,2005/7/31,2005,24,2014/5/7,,quino001,quintom01,8.77,m
jorgery01,1979,5,4,USA,FL,Ryan,Jorgensen,220,74,R,R,2005/8/8,2005,26,2008/9/19,,jorgr001,jorgery01,3.12,s
watsobr01,1981,9,30,USA,CA,Brandon,Watson,170,73,L,R,2005/8/9,2005,24,2007/6/25,,watsb002,watsobr01,1.88,s
reyesan01,1981,10,16,USA,CA,Anthony,Reyes,230,74,R,R,2005/8/9,2005,24,2009/5/22,,reyea002,reyesan01,3.79,s
anderbr03,1982,3,11,USA,AZ,Brian,Anderson,220,74,R,R,2005/8/16,2005,23,2009/10/4,,andeb003,anderbr03,4.14,s
saundjo01,1981,6,16,USA,VA,Joe,Saunders,215,75,L,L,2005/8/16,2005,24,2014/9/26,,saunj001,saundjo01,9.12,m
devinjo01,1983,9,19,USA,KS,Joey,Devine,235,72,R,R,2005/8/20,2005,22,2011/7/24,,devij001,devinjo01,5.93,s
britoeu01,1978,8,19,D.R.,Hato Mayor,Eude,Brito,170,72,L,L,2005/8/21,2005,27,2006/9/18,,brite001,britoeu01,1.08,s
jacobmi02,1980,10,30,USA,CA,Mike,Jacobs,210,75,L,R,2005/8/21,2005,25,2012/10/3,,jacom001,jacobmi02,7.12,m
bulgeja01,1978,12,6,USA,GA,Jason,Bulger,215,76,R,R,2005/8/26,2005,27,2011/4/23,,bulgj001,bulgeja01,5.66,s
bergmja01,1981,9,25,USA,NJ,Jason,Bergmann,220,75,R,R,2005/8/28,2005,24,2010/4/14,,bergj001,bergmja01,4.63,s
bynumfr01,1980,3,15,USA,NC,Freddie,Bynum,185,73,L,R,2005/8/30,2005,25,2008/7/17,,bynuf001,bynumfr01,2.88,s
maholpa01,1982,6,25,USA,MS,Paul,Maholm,245,74,L,L,2005/8/30,2005,23,2014/8/1,,mahop002,maholpa01,8.93,m
aybarwi01,1983,3,9,D.R.,Peravia,Willy,Aybar,205,71,B,R,2005/8/31,2005,22,2010/10/3,,aybaw001,aybarwi01,5.09,s
hermije01,1984,1,30,USA,GA,Jeremy,Hermida,220,75,L,R,2005/8/31,2005,21,2012/4/26,,hermj001,hermije01,6.66,m
castrbe01,1979,7,14,D.R.,Distrito Nacional,Bernie,Castro,170,70,B,R,2005/9/1,2005,26,2006/10/1,,castb002,castrbe01,1.08,s
hamulti01,1976,11,14,USA,NY,Tim,Hamulack,215,74,R,L,2005/9/2,2005,29,2006/9/16,,hamut001,hamulti01,1.04,s
kuoho01,1981,7,23,Taiwan,,Hung-Chih,Kuo,240,74,L,L,2005/9/2,2005,24,2011/9/24,,kuo-h001,kuoho01,6.06,m
lerewan01,1982,10,28,USA,PA,Anthony,Lerew,225,76,L,R,2005/9/4,2005,23,2010/7/20,,lerea001,lerewan01,4.88,s
andinro01,1984,4,25,USA,FL,Robert,Andino,195,72,R,R,2005/9/4,2005,21,2013/5/22,,andir001,andinro01,7.72,m
bookech01,1976,12,9,USA,AL,Chris,Booker,230,75,R,R,2005/9/5,2005,29,2007/7/25,,bookc001,bookech01,1.88,s
ortmeda01,1981,5,11,USA,TN,Daniel,Ortmeier,220,76,B,L,2005/9/5,2005,24,2008/5/29,,ortmd001,ortmeda01,2.73,s
griffjo01,1979,11,19,USA,FL,John-Ford,Griffin,215,74,L,L,2005/9/6,2005,26,2007/9/30,,grifj002,griffjo01,2.07,s
johnsty01,1981,6,7,USA,MO,Tyler,Johnson,180,74,B,L,2005/9/6,2005,24,2007/9/30,,johnt002,johnsty01,2.07,s
myrowbr01,1976,9,4,USA,TX,Brian,Myrow,215,71,L,R,2005/9/6,2005,29,2008/8/21,,myrob001,myrowbr01,2.96,s
rasneda01,1981,1,13,USA,NV,Darrell,Rasner,210,75,R,R,2005/9/6,2005,24,2008/9/28,,rasnd001,rasneda01,3.06,s
nippedu01,1981,5,6,USA,WV,Dustin,Nippert,215,79,R,R,2005/9/8,2005,24,2010/10/3,,nippd001,nippedu01,5.07,s
heintch01,1974,8,6,USA,NY,Chris,Heintz,210,73,R,R,2005/9/10,2005,31,2007/9/26,,heinc001,heintch01,2.04,s
duncach01,1981,5,5,USA,AZ,Chris,Duncan,210,77,L,R,2005/9/10,2005,24,2009/7/20,,duncc002,duncach01,3.86,s
johnsjo09,1984,1,31,USA,MN,Josh,Johnson,250,79,L,R,2005/9/10,2005,21,2013/8/6,,johnj009,johnsjo09,7.91,m
furmajj01,1979,7,31,USA,IL,J. J.,Furmaniak,190,72,R,R,2005/9/13,2005,26,2007/9/29,,furmj001,furmajj01,2.04,s
theriry01,1979,12,7,USA,LA,Ryan,Theriot,185,71,R,R,2005/9/13,2005,26,2012/10/3,,therr001,theriry01,7.06,m
jimerch01,1979,9,22,USA,CA,Charlton,Jimerson,210,75,R,R,2005/9/14,2005,26,2008/4/10,,jimec001,jimerch01,2.57,s
bottsja01,1980,7,26,USA,CA,Jason,Botts,250,77,B,R,2005/9/14,2005,25,2008/4/27,,bottj001,bottsja01,2.62,s
rupejo01,1982,8,18,USA,VA,Josh,Rupe,210,75,R,R,2005/9/16,2005,23,2011/5/5,,rupej001,rupejo01,5.64,s
cappsma01,1983,9,3,USA,GA,Matt,Capps,250,74,R,R,2005/9/16,2005,22,2012/9/24,,cappm001,cappsma01,7.03,m
garkory01,1981,1,2,USA,PA,Ryan,Garko,225,74,R,R,2005/9/18,2005,24,2010/5/13,,garkr001,garkory01,4.65,s
bullibr01,1980,9,30,USA,IN,Bryan,Bullington,210,76,R,R,2005/9/18,2005,25,2010/9/25,,bullb001,bullibr01,5.02,s
hernaan01,1982,10,30,D.R.,Distrito Nacional,Anderson,Hernandez,190,69,B,R,2005/9/18,2005,23,2010/10/2,,herna003,hernaan01,5.04,s
hansecr01,1983,11,15,USA,NY,Craig,Hansen,210,78,R,R,2005/9/19,2005,22,2009/4/19,,hansc001,hansecr01,3.58,s
pauliro01,1981,4,21,D.R.,Distrito Nacional,Ronny,Paulino,250,75,R,R,2005/9/25,2005,24,2012/7/8,,paulr001,pauliro01,6.79,m
jamesch03,1981,11,9,USA,GA,Chuck,James,190,72,L,L,2005/9/28,2005,24,2011/7/25,,jamec002,jamesch03,5.82,s
reeder01,1980,12,2,USA,AR,Eric,Reed,170,71,L,L,2006/4/3,2006,26,2007/7/18,,reede001,reeder01,1.29,s
lugoru01,1980,5,22,D.R.,Barahona,Ruddy,Lugo,210,72,R,R,2006/4/3,2006,26,2007/9/29,,lugor002,lugoru01,1.49,s
martica03,1982,5,26,D.R.,Monte Cristi,Carlos,Martinez,170,73,R,R,2006/4/3,2006,24,2009/5/16,,martc004,martica03,3.12,s
barfijo02,1982,12,17,Venezuela,Lara,Josh,Barfield,190,72,R,R,2006/4/3,2006,24,2009/6/25,,barfj003,barfijo02,3.23,s
johjike01,1976,6,8,Japan,Nagasaki,Kenji,Johjima,205,72,R,R,2006/4/3,2006,30,2009/10/3,,johjk001,johjike01,3.5,s
zumayjo01,1984,11,9,USA,CA,Joel,Zumaya,215,75,R,R,2006/4/3,2006,22,2010/6/28,,zumaj001,zumayjo01,4.24,s
abercre01,1980,7,15,USA,GA,Reggie,Abercrombie,215,75,R,R,2006/4/4,2006,26,2008/9/28,,aberr001,abercre01,2.49,s
nievefe01,1982,7,15,Venezuela,Carabobo,Fernando,Nieve,220,72,R,R,2006/4/4,2006,24,2010/7/21,,nievf001,nievefe01,4.3,s
bannibr01,1981,2,28,USA,AZ,Brian,Bannister,202,74,R,R,2006/4/5,2006,25,2010/9/17,,bannb001,bannibr01,4.45,s
tatajo01,1981,9,20,USA,TX,Jordan,Tata,220,78,R,R,2006/4/6,2006,25,2007/8/10,,tataj001,tatajo01,1.35,s
castrfa01,1985,1,20,D.R.,Monte Cristi,Fabio,Castro,185,67,L,L,2006/4/6,2006,21,2007/9/17,,castf002,castrfa01,1.45,s
eyrewi01,1978,7,21,USA,CA,Willie,Eyre,235,72,R,R,2006/4/6,2006,28,2011/9/28,,eyrew001,eyrewi01,5.48,s
buchhta01,1981,10,13,USA,PA,Taylor,Buchholz,220,75,R,R,2006/4/7,2006,25,2011/5/29,,bucht001,buchhta01,5.15,s
saitota01,1970,2,14,Japan,Miyagi,Takashi,Saito,200,74,L,R,2006/4/9,2006,36,2012/9/30,,saitt001,saitota01,6.48,m
marshse01,1982,8,30,USA,VA,Sean,Marshall,225,79,L,L,2006/4/9,2006,24,2014/6/10,,marss002,marshse01,8.18,m
brittch01,1982,12,16,USA,FL,Chris,Britton,275,75,R,R,2006/4/12,2006,24,2008/9/26,,britc001,brittch01,2.46,s
penato02,1981,3,23,D.R.,Santiago,Tony,Pena,180,74,R,R,2006/4/13,2006,25,2009/7/12,,penat002,penato02,3.25,s
smithma04,1979,6,15,USA,NV,Matt,Smith,225,77,L,L,2006/4/14,2006,27,2007/4/25,,smitm006,smithma04,1.03,s
ramirra02,1981,8,31,D.R.,,Ramon,Ramirez,200,71,R,R,2006/4/14,2006,25,2014/6/30,,ramir003,ramirra02,8.22,m
perezra01,1982,5,15,D.R.,Distrito Nacional,Rafael,Perez,195,75,L,L,2006/4/20,2006,24,2012/4/25,,perer002,perezra01,6.02,m
rheinjo01,1979,5,29,USA,IL,John,Rheinecker,230,74,L,L,2006/4/22,2006,27,2007/9/28,,rheij001,rheinjo01,1.44,s
slocubr01,1981,3,27,USA,NY,Brian,Slocum,215,74,R,R,2006/4/22,2006,25,2008/7/8,,slocb001,slocubr01,2.21,s
wilsobr01,1982,3,16,USA,NH,Brian,Wilson,205,73,R,R,2006/4/23,2006,24,2014/9/27,,wilsb001,wilsobr01,8.44,m
livinbo01,1982,9,3,USA,MO,Bobby,Livingston,205,75,L,L,2006/4/25,2006,24,2007/8/21,,livib001,livinbo01,1.32,s
guzmaan01,1981,12,14,Venezuela,Distrito Federal,Angel,Guzman,190,75,R,R,2006/4/26,2006,25,2009/9/8,,guzma001,guzmaan01,3.37,s
willire03,1981,5,30,USA,OK,Reggie,Willits,185,71,B,R,2006/4/26,2006,25,2011/6/3,,willr004,willire03,5.11,s
oconnmi01,1980,8,17,USA,TX,Mike,O'Connor,185,75,L,L,2006/4/27,2006,26,2011/6/1,,oconm001,oconnmi01,5.1,s
faheybr01,1981,1,18,USA,TX,Brandon,Fahey,160,74,L,R,2006/4/30,2006,25,2008/9/28,,faheb001,faheybr01,2.42,s
greense01,1979,4,20,USA,KY,Sean,Green,230,78,R,R,2006/5/2,2006,27,2011/5/4,,grees004,greense01,5.01,s
murphto03,1979,8,27,USA,NY,Tommy,Murphy,185,72,B,R,2006/5/4,2006,27,2007/9/30,,murpt001,murphto03,1.41,s
birkiku01,1980,8,11,USA,CA,Kurt,Birkins,188,74,L,L,2006/5/4,2006,26,2008/5/4,,birkk001,birkiku01,2,s
rosarfr01,1980,9,28,D.R.,La Altagracia,Francisco,Rosario,225,73,R,R,2006/5/6,2006,26,2007/9/17,,rosaf001,rosarfr01,1.37,s
haegech01,1983,9,19,USA,MI,Charlie,Haeger,210,73,R,R,2006/5/10,2006,23,2010/6/24,,haegc001,haegech01,4.13,s
roberch02,1979,8,23,USA,CA,Chris,Roberson,180,74,B,R,2006/5/12,2006,27,2007/9/27,,robec001,roberch02,1.38,s
ryuja01,1983,5,30,South Korea,,Jae Kuk,Ryu,210,75,R,R,2006/5/14,2006,23,2008/4/9,,ryu-j001,ryuja01,1.91,s
thompmi03,1980,11,6,USA,CO,Mike,Thompson,200,76,R,R,2006/5/17,2006,26,2007/8/11,,thomm004,thompmi03,1.24,s
